segment_a,segment_b,shared_customers,overlap_pct
1000008,1000008,956,1.0
1000008,1000001,151,0.1579497907949791
1000008,1000009,161,0.1684100418410042
1000008,1000004,146,0.15271966527196654
1000008,1000006,152,0.1589958158995816
1000008,1000003,168,0.17573221757322174
1000008,1000007,141,0.14748953974895398
1000008,1000000,142,0.14853556485355648
1000008,1000005,143,0.14958158995815898
1000008,1000002,116,0.12133891213389121
1000008,1000010,54,0.056485355648535567
1000008,1000012,68,0.07112970711297072
1000008,1000038,56,0.058577405857740586
1000008,1000036,49,0.051255230125523014
1000008,1000016,45,0.04707112970711297
1000008,1000026,55,0.05753138075313807
1000008,1000020,46,0.04811715481171548
1000008,1000025,62,0.06485355648535565
1000008,1000039,57,0.0596234309623431
1000008,1000032,65,0.06799163179916318
1000008,1000023,49,0.051255230125523014
1000008,1000035,50,0.05230125523012552
1000008,1000034,48,0.0502092050209205
1000008,1000022,62,0.06485355648535565
1000008,1000033,48,0.0502092050209205
1000008,1000021,56,0.058577405857740586
1000008,1000029,57,0.0596234309623431
1000008,1000019,60,0.06276150627615062
1000008,1000013,57,0.0596234309623431
1000008,1000027,57,0.0596234309623431
1000008,1000031,48,0.0502092050209205
1000008,1000030,49,0.051255230125523014
1000008,1000014,58,0.060669456066945605
1000008,1000015,65,0.06799163179916318
1000008,1000024,44,0.04602510460251046
1000008,1000018,62,0.06485355648535565
1000008,1000037,38,0.0397489539748954
1000008,1000011,50,0.05230125523012552
1000008,1000017,59,0.06171548117154812
1000008,1000028,44,0.04602510460251046
1000001,1000008,151,0.16132478632478633
1000001,1000001,936,1.0
1000001,1000009,153,0.16346153846153846
1000001,1000004,156,0.16666666666666666
1000001,1000006,141,0.15064102564102563
1000001,1000003,146,0.15598290598290598
1000001,1000007,142,0.1517094017094017
1000001,1000000,138,0.14743589743589744
1000001,1000005,144,0.15384615384615385
1000001,1000002,144,0.15384615384615385
1000001,1000010,54,0.057692307692307696
1000001,1000012,57,0.060897435897435896
1000001,1000038,54,0.057692307692307696
1000001,1000036,69,0.07371794871794872
1000001,1000016,55,0.05876068376068376
1000001,1000026,44,0.04700854700854701
1000001,1000020,50,0.053418803418803416
1000001,1000025,51,0.05448717948717949
1000001,1000039,44,0.04700854700854701
1000001,1000032,51,0.05448717948717949
1000001,1000023,67,0.07158119658119658
1000001,1000035,59,0.06303418803418803
1000001,1000034,53,0.056623931623931624
1000001,1000022,51,0.05448717948717949
1000001,1000033,58,0.06196581196581197
1000001,1000021,59,0.06303418803418803
1000001,1000029,42,0.04487179487179487
1000001,1000019,48,0.05128205128205128
1000001,1000013,60,0.0641025641025641
1000001,1000027,61,0.06517094017094018
1000001,1000031,54,0.057692307692307696
1000001,1000030,51,0.05448717948717949
1000001,1000014,50,0.053418803418803416
1000001,1000015,53,0.056623931623931624
1000001,1000024,61,0.06517094017094018
1000001,1000018,55,0.05876068376068376
1000001,1000037,59,0.06303418803418803
1000001,1000011,51,0.05448717948717949
1000001,1000017,44,0.04700854700854701
1000001,1000028,42,0.04487179487179487
1000009,1000008,161,0.17367853290183388
1000009,1000001,153,0.1650485436893204
1000009,1000009,927,1.0
1000009,1000004,153,0.1650485436893204
1000009,1000006,146,0.1574973031283711
1000009,1000003,147,0.15857605177993528
1000009,1000007,148,0.15965480043149946
1000009,1000000,139,0.1499460625674218
1000009,1000005,141,0.15210355987055016
1000009,1000002,131,0.1413160733549083
1000009,1000010,57,0.061488673139158574
1000009,1000012,45,0.04854368932038835
1000009,1000038,47,0.05070118662351672
1000009,1000036,50,0.05393743257820928
1000009,1000016,68,0.07335490830636461
1000009,1000026,55,0.0593311758360302
1000009,1000020,57,0.061488673139158574
1000009,1000025,50,0.05393743257820928
1000009,1000039,52,0.05609492988133765
1000009,1000032,61,0.06580366774541532
1000009,1000023,48,0.05177993527508091
1000009,1000035,61,0.06580366774541532
1000009,1000034,58,0.06256742179072276
1000009,1000022,52,0.05609492988133765
1000009,1000033,52,0.05609492988133765
1000009,1000021,49,0.05285868392664509
1000009,1000029,52,0.05609492988133765
1000009,1000019,42,0.045307443365695796
1000009,1000013,55,0.0593311758360302
1000009,1000027,46,0.04962243797195254
1000009,1000031,59,0.06364617044228695
1000009,1000030,49,0.05285868392664509
1000009,1000014,49,0.05285868392664509
1000009,1000015,40,0.043149946062567425
1000009,1000024,56,0.06040992448759439
1000009,1000018,47,0.05070118662351672
1000009,1000037,53,0.05717367853290183
1000009,1000011,43,0.04638619201725998
1000009,1000017,48,0.05177993527508091
1000009,1000028,57,0.061488673139158574
1000004,1000008,146,0.15904139433551198
1000004,1000001,156,0.16993464052287582
1000004,1000009,153,0.16666666666666666
1000004,1000004,918,1.0
1000004,1000006,141,0.15359477124183007
1000004,1000003,162,0.17647058823529413
1000004,1000007,138,0.1503267973856209
1000004,1000000,149,0.16230936819172112
1000004,1000005,148,0.16122004357298475
1000004,1000002,140,0.15250544662309368
1000004,1000010,56,0.06100217864923747
1000004,1000012,48,0.05228758169934641
1000004,1000038,59,0.06427015250544663
1000004,1000036,57,0.06209150326797386
1000004,1000016,50,0.054466230936819175
1000004,1000026,57,0.06209150326797386
1000004,1000020,54,0.058823529411764705
1000004,1000025,56,0.06100217864923747
1000004,1000039,49,0.05337690631808279
1000004,1000032,58,0.06318082788671024
1000004,1000023,60,0.06535947712418301
1000004,1000035,49,0.05337690631808279
1000004,1000034,51,0.05555555555555555
1000004,1000022,56,0.06100217864923747
1000004,1000033,49,0.05337690631808279
1000004,1000021,50,0.054466230936819175
1000004,1000029,39,0.042483660130718956
1000004,1000019,46,0.05010893246187364
1000004,1000013,57,0.06209150326797386
1000004,1000027,55,0.05991285403050109
1000004,1000031,41,0.044662309368191724
1000004,1000030,40,0.04357298474945534
1000004,1000014,45,0.049019607843137254
1000004,1000015,48,0.05228758169934641
1000004,1000024,58,0.06318082788671024
1000004,1000018,52,0.05664488017429194
1000004,1000037,43,0.046840958605664486
1000004,1000011,57,0.06209150326797386
1000004,1000017,44,0.04793028322440087
1000004,1000028,50,0.054466230936819175
1000006,1000008,152,0.16612021857923498
1000006,1000001,141,0.1540983606557377
1000006,1000009,146,0.15956284153005465
1000006,1000004,141,0.1540983606557377
1000006,1000006,915,1.0
1000006,1000003,149,0.1628415300546448
1000006,1000007,150,0.16393442622950818
1000006,1000000,139,0.15191256830601094
1000006,1000005,154,0.16830601092896175
1000006,1000002,138,0.15081967213114755
1000006,1000010,56,0.06120218579234973
1000006,1000012,62,0.06775956284153005
1000006,1000038,58,0.0633879781420765
1000006,1000036,64,0.06994535519125683
1000006,1000016,44,0.048087431693989074
1000006,1000026,55,0.060109289617486336
1000006,1000020,49,0.053551912568306013
1000006,1000025,52,0.05683060109289618
1000006,1000039,47,0.05136612021857923
1000006,1000032,52,0.05683060109289618
1000006,1000023,41,0.04480874316939891
1000006,1000035,43,0.046994535519125684
1000006,1000034,53,0.05792349726775956
1000006,1000022,47,0.05136612021857923
1000006,1000033,57,0.06229508196721312
1000006,1000021,46,0.05027322404371585
1000006,1000029,50,0.0546448087431694
1000006,1000019,50,0.0546448087431694
1000006,1000013,55,0.060109289617486336
1000006,1000027,41,0.04480874316939891
1000006,1000031,49,0.053551912568306013
1000006,1000030,47,0.05136612021857923
1000006,1000014,40,0.04371584699453552
1000006,1000015,55,0.060109289617486336
1000006,1000024,49,0.053551912568306013
1000006,1000018,40,0.04371584699453552
1000006,1000037,49,0.053551912568306013
1000006,1000011,52,0.05683060109289618
1000006,1000017,49,0.053551912568306013
1000006,1000028,41,0.04480874316939891
1000003,1000008,168,0.18604651162790697
1000003,1000001,146,0.16168327796234774
1000003,1000009,147,0.16279069767441862
1000003,1000004,162,0.17940199335548174
1000003,1000006,149,0.16500553709856036
1000003,1000003,903,1.0
1000003,1000007,131,0.1450719822812846
1000003,1000000,143,0.1583610188261351
1000003,1000005,133,0.14728682170542637
1000003,1000002,135,0.14950166112956811
1000003,1000010,72,0.07973421926910298
1000003,1000012,43,0.047619047619047616
1000003,1000038,58,0.06423034330011074
1000003,1000036,47,0.05204872646733112
1000003,1000016,63,0.06976744186046512
1000003,1000026,56,0.06201550387596899
1000003,1000020,48,0.053156146179401995
1000003,1000025,58,0.06423034330011074
1000003,1000039,42,0.046511627906976744
1000003,1000032,47,0.05204872646733112
1000003,1000023,56,0.06201550387596899
1000003,1000035,46,0.05094130675526024
1000003,1000034,59,0.06533776301218161
1000003,1000022,44,0.048726467331118496
1000003,1000033,39,0.04318936877076412
1000003,1000021,42,0.046511627906976744
1000003,1000029,44,0.048726467331118496
1000003,1000019,52,0.05758582502768549
1000003,1000013,54,0.059800664451827246
1000003,1000027,65,0.07198228128460686
1000003,1000031,48,0.053156146179401995
1000003,1000030,59,0.06533776301218161
1000003,1000014,39,0.04318936877076412
1000003,1000015,48,0.053156146179401995
1000003,1000024,40,0.044296788482835
1000003,1000018,57,0.06312292358803986
1000003,1000037,47,0.05204872646733112
1000003,1000011,44,0.048726467331118496
1000003,1000017,45,0.04983388704318937
1000003,1000028,51,0.05647840531561462
1000007,1000008,141,0.15878378378378377
1000007,1000001,142,0.15990990990990991
1000007,1000009,148,0.16666666666666666
1000007,1000004,138,0.1554054054054054
1000007,1000006,150,0.16891891891891891
1000007,1000003,131,0.14752252252252251
1000007,1000007,888,1.0
1000007,1000000,139,0.15653153153153154
1000007,1000005,120,0.13513513513513514
1000007,1000002,130,0.1463963963963964
1000007,1000010,54,0.060810810810810814
1000007,1000012,46,0.0518018018018018
1000007,1000038,54,0.060810810810810814
1000007,1000036,50,0.05630630630630631
1000007,1000016,58,0.06531531531531531
1000007,1000026,51,0.057432432432432436
1000007,1000020,50,0.05630630630630631
1000007,1000025,59,0.06644144144144144
1000007,1000039,53,0.059684684684684686
1000007,1000032,57,0.06418918918918919
1000007,1000023,45,0.05067567567567568
1000007,1000035,44,0.04954954954954955
1000007,1000034,49,0.05518018018018018
1000007,1000022,51,0.057432432432432436
1000007,1000033,44,0.04954954954954955
1000007,1000021,53,0.059684684684684686
1000007,1000029,41,0.04617117117117117
1000007,1000019,49,0.05518018018018018
1000007,1000013,47,0.05292792792792793
1000007,1000027,42,0.0472972972972973
1000007,1000031,53,0.059684684684684686
1000007,1000030,63,0.07094594594594594
1000007,1000014,54,0.060810810810810814
1000007,1000015,46,0.0518018018018018
1000007,1000024,45,0.05067567567567568
1000007,1000018,59,0.06644144144144144
1000007,1000037,49,0.05518018018018018
1000007,1000011,49,0.05518018018018018
1000007,1000017,54,0.060810810810810814
1000007,1000028,46,0.0518018018018018
1000000,1000008,142,0.16228571428571428
1000000,1000001,138,0.15771428571428572
1000000,1000009,139,0.15885714285714286
1000000,1000004,149,0.1702857142857143
1000000,1000006,139,0.15885714285714286
1000000,1000003,143,0.16342857142857142
1000000,1000007,139,0.15885714285714286
1000000,1000000,875,1.0
1000000,1000005,133,0.152
1000000,1000002,130,0.14857142857142858
1000000,1000010,45,0.05142857142857143
1000000,1000012,56,0.064
1000000,1000038,41,0.046857142857142854
1000000,1000036,51,0.05828571428571429
1000000,1000016,44,0.05028571428571429
1000000,1000026,47,0.053714285714285714
1000000,1000020,52,0.05942857142857143
1000000,1000025,48,0.054857142857142854
1000000,1000039,58,0.06628571428571428
1000000,1000032,52,0.05942857142857143
1000000,1000023,44,0.05028571428571429
1000000,1000035,51,0.05828571428571429
1000000,1000034,46,0.052571428571428575
1000000,1000022,47,0.053714285714285714
1000000,1000033,43,0.04914285714285714
1000000,1000021,43,0.04914285714285714
1000000,1000029,52,0.05942857142857143
1000000,1000019,46,0.052571428571428575
1000000,1000013,54,0.061714285714285715
1000000,1000027,43,0.04914285714285714
1000000,1000031,43,0.04914285714285714
1000000,1000030,54,0.061714285714285715
1000000,1000014,37,0.04228571428571429
1000000,1000015,47,0.053714285714285714
1000000,1000024,45,0.05142857142857143
1000000,1000018,60,0.06857142857142857
1000000,1000037,47,0.053714285714285714
1000000,1000011,39,0.044571428571428574
1000000,1000017,44,0.05028571428571429
1000000,1000028,42,0.048
1000005,1000008,143,0.16764361078546308
1000005,1000001,144,0.16881594372801875
1000005,1000009,141,0.1652989449003517
1000005,1000004,148,0.1735052754982415
1000005,1000006,154,0.18053927315357562
1000005,1000003,133,0.1559202813599062
1000005,1000007,120,0.1406799531066823
1000005,1000000,133,0.1559202813599062
1000005,1000005,853,1.0
1000005,1000002,143,0.16764361078546308
1000005,1000010,54,0.06330597889800703
1000005,1000012,59,0.06916764361078546
1000005,1000038,50,0.05861664712778429
1000005,1000036,41,0.04806565064478312
1000005,1000016,42,0.0492379835873388
1000005,1000026,50,0.05861664712778429
1000005,1000020,46,0.053927315357561546
1000005,1000025,33,0.038686987104337635
1000005,1000039,51,0.059788980070339975
1000005,1000032,37,0.04337631887456037
1000005,1000023,43,0.05041031652989449
1000005,1000035,44,0.05158264947245018
1000005,1000034,42,0.0492379835873388
1000005,1000022,43,0.05041031652989449
1000005,1000033,48,0.05627198124267292
1000005,1000021,53,0.06213364595545135
1000005,1000029,54,0.06330597889800703
1000005,1000019,51,0.059788980070339975
1000005,1000013,57,0.0668229777256741
1000005,1000027,51,0.059788980070339975
1000005,1000031,47,0.05509964830011723
1000005,1000030,41,0.04806565064478312
1000005,1000014,38,0.044548651817116064
1000005,1000015,51,0.059788980070339975
1000005,1000024,41,0.04806565064478312
1000005,1000018,32,0.03751465416178194
1000005,1000037,49,0.05744431418522861
1000005,1000011,40,0.04689331770222743
1000005,1000017,41,0.04806565064478312
1000005,1000028,41,0.04806565064478312
1000002,1000008,116,0.13663133097762073
1000002,1000001,144,0.1696113074204947
1000002,1000009,131,0.15429917550058891
1000002,1000004,140,0.16489988221436985
1000002,1000006,138,0.1625441696113074
1000002,1000003,135,0.15901060070671377
1000002,1000007,130,0.15312131919905772
1000002,1000000,130,0.15312131919905772
1000002,1000005,143,0.1684334511189635
1000002,1000002,849,1.0
1000002,1000010,52,0.061248527679623084
1000002,1000012,48,0.05653710247349823
1000002,1000038,50,0.05889281507656066
1000002,1000036,47,0.05535924617196702
1000002,1000016,36,0.04240282685512368
1000002,1000026,37,0.043580683156654886
1000002,1000020,49,0.05771495877502945
1000002,1000025,46,0.05418138987043581
1000002,1000039,43,0.050647820965842166
1000002,1000032,44,0.05182567726737338
1000002,1000023,48,0.05653710247349823
1000002,1000035,43,0.050647820965842166
1000002,1000034,44,0.05182567726737338
1000002,1000022,41,0.048292108362779744
1000002,1000033,50,0.05889281507656066
1000002,1000021,47,0.05535924617196702
1000002,1000029,53,0.0624263839811543
1000002,1000019,37,0.043580683156654886
1000002,1000013,49,0.05771495877502945
1000002,1000027,46,0.05418138987043581
1000002,1000031,45,0.053003533568904596
1000002,1000030,41,0.048292108362779744
1000002,1000014,45,0.053003533568904596
1000002,1000015,45,0.053003533568904596
1000002,1000024,44,0.05182567726737338
1000002,1000018,42,0.04946996466431095
1000002,1000037,52,0.061248527679623084
1000002,1000011,42,0.04946996466431095
1000002,1000017,50,0.05889281507656066
1000002,1000028,52,0.061248527679623084
1000010,1000008,54,0.15168539325842698
1000010,1000001,54,0.15168539325842698
1000010,1000009,57,0.1601123595505618
1000010,1000004,56,0.15730337078651685
1000010,1000006,56,0.15730337078651685
1000010,1000003,72,0.20224719101123595
1000010,1000007,54,0.15168539325842698
1000010,1000000,45,0.12640449438202248
1000010,1000005,54,0.15168539325842698
1000010,1000002,52,0.14606741573033707
1000010,1000010,356,1.0
1000010,1000012,24,0.06741573033707865
1000010,1000038,18,0.05056179775280899
1000010,1000036,18,0.05056179775280899
1000010,1000016,15,0.042134831460674156
1000010,1000026,16,0.0449438202247191
1000010,1000020,14,0.03932584269662921
1000010,1000025,23,0.06460674157303371
1000010,1000039,16,0.0449438202247191
1000010,1000032,30,0.08426966292134831
1000010,1000023,16,0.0449438202247191
1000010,1000035,26,0.07303370786516854
1000010,1000034,28,0.07865168539325842
1000010,1000022,17,0.047752808988764044
1000010,1000033,12,0.033707865168539325
1000010,1000021,24,0.06741573033707865
1000010,1000029,18,0.05056179775280899
1000010,1000019,13,0.03651685393258427
1000010,1000013,16,0.0449438202247191
1000010,1000027,15,0.042134831460674156
1000010,1000031,24,0.06741573033707865
1000010,1000030,21,0.05898876404494382
1000010,1000014,21,0.05898876404494382
1000010,1000015,18,0.05056179775280899
1000010,1000024,19,0.05337078651685393
1000010,1000018,17,0.047752808988764044
1000010,1000037,19,0.05337078651685393
1000010,1000011,20,0.056179775280898875
1000010,1000017,19,0.05337078651685393
1000010,1000028,16,0.0449438202247191
1000012,1000008,68,0.19596541786743515
1000012,1000001,57,0.1642651296829971
1000012,1000009,45,0.12968299711815562
1000012,1000004,48,0.138328530259366
1000012,1000006,62,0.1786743515850144
1000012,1000003,43,0.1239193083573487
1000012,1000007,46,0.13256484149855907
1000012,1000000,56,0.16138328530259366
1000012,1000005,59,0.17002881844380405
1000012,1000002,48,0.138328530259366
1000012,1000010,24,0.069164265129683
1000012,1000012,347,1.0
1000012,1000038,12,0.0345821325648415
1000012,1000036,19,0.05475504322766571
1000012,1000016,11,0.03170028818443804
1000012,1000026,19,0.05475504322766571
1000012,1000020,23,0.06628242074927954
1000012,1000025,14,0.040345821325648415
1000012,1000039,18,0.05187319884726225
1000012,1000032,26,0.07492795389048991
1000012,1000023,15,0.043227665706051875
1000012,1000035,19,0.05475504322766571
1000012,1000034,16,0.04610951008645533
1000012,1000022,22,0.06340057636887608
1000012,1000033,17,0.04899135446685879
1000012,1000021,18,0.05187319884726225
1000012,1000029,29,0.08357348703170028
1000012,1000019,20,0.05763688760806916
1000012,1000013,16,0.04610951008645533
1000012,1000027,22,0.06340057636887608
1000012,1000031,16,0.04610951008645533
1000012,1000030,24,0.069164265129683
1000012,1000014,14,0.040345821325648415
1000012,1000015,15,0.043227665706051875
1000012,1000024,20,0.05763688760806916
1000012,1000018,14,0.040345821325648415
1000012,1000037,25,0.07204610951008646
1000012,1000011,19,0.05475504322766571
1000012,1000017,14,0.040345821325648415
1000012,1000028,21,0.06051873198847262
1000038,1000008,56,0.16184971098265896
1000038,1000001,54,0.15606936416184972
1000038,1000009,47,0.13583815028901733
1000038,1000004,59,0.17052023121387283
1000038,1000006,58,0.1676300578034682
1000038,1000003,58,0.1676300578034682
1000038,1000007,54,0.15606936416184972
1000038,1000000,41,0.11849710982658959
1000038,1000005,50,0.14450867052023122
1000038,1000002,50,0.14450867052023122
1000038,1000010,18,0.05202312138728324
1000038,1000012,12,0.03468208092485549
1000038,1000038,346,1.0
1000038,1000036,20,0.057803468208092484
1000038,1000016,18,0.05202312138728324
1000038,1000026,18,0.05202312138728324
1000038,1000020,14,0.04046242774566474
1000038,1000025,17,0.049132947976878616
1000038,1000039,18,0.05202312138728324
1000038,1000032,21,0.06069364161849711
1000038,1000023,24,0.06936416184971098
1000038,1000035,18,0.05202312138728324
1000038,1000034,20,0.057803468208092484
1000038,1000022,20,0.057803468208092484
1000038,1000033,22,0.06358381502890173
1000038,1000021,21,0.06069364161849711
1000038,1000029,15,0.04335260115606936
1000038,1000019,12,0.03468208092485549
1000038,1000013,15,0.04335260115606936
1000038,1000027,15,0.04335260115606936
1000038,1000031,19,0.05491329479768786
1000038,1000030,14,0.04046242774566474
1000038,1000014,14,0.04046242774566474
1000038,1000015,23,0.06647398843930635
1000038,1000024,15,0.04335260115606936
1000038,1000018,25,0.07225433526011561
1000038,1000037,18,0.05202312138728324
1000038,1000011,18,0.05202312138728324
1000038,1000017,17,0.049132947976878616
1000038,1000028,21,0.06069364161849711
1000036,1000008,49,0.14411764705882352
1000036,1000001,69,0.20294117647058824
1000036,1000009,50,0.14705882352941177
1000036,1000004,57,0.1676470588235294
1000036,1000006,64,0.18823529411764706
1000036,1000003,47,0.13823529411764707
1000036,1000007,50,0.14705882352941177
1000036,1000000,51,0.15
1000036,1000005,41,0.12058823529411765
1000036,1000002,47,0.13823529411764707
1000036,1000010,18,0.052941176470588235
1000036,1000012,19,0.05588235294117647
1000036,1000038,20,0.058823529411764705
1000036,1000036,340,1.0
1000036,1000016,20,0.058823529411764705
1000036,1000026,18,0.052941176470588235
1000036,1000020,24,0.07058823529411765
1000036,1000025,14,0.041176470588235294
1000036,1000039,28,0.08235294117647059
1000036,1000032,27,0.07941176470588235
1000036,1000023,20,0.058823529411764705
1000036,1000035,8,0.023529411764705882
1000036,1000034,10,0.029411764705882353
1000036,1000022,15,0.04411764705882353
1000036,1000033,21,0.061764705882352944
1000036,1000021,22,0.06470588235294118
1000036,1000029,20,0.058823529411764705
1000036,1000019,22,0.06470588235294118
1000036,1000013,19,0.05588235294117647
1000036,1000027,18,0.052941176470588235
1000036,1000031,22,0.06470588235294118
1000036,1000030,20,0.058823529411764705
1000036,1000014,15,0.04411764705882353
1000036,1000015,17,0.05
1000036,1000024,15,0.04411764705882353
1000036,1000018,17,0.05
1000036,1000037,19,0.05588235294117647
1000036,1000011,20,0.058823529411764705
1000036,1000017,16,0.047058823529411764
1000036,1000028,26,0.07647058823529412
1000016,1000008,45,0.13274336283185842
1000016,1000001,55,0.16224188790560473
1000016,1000009,68,0.20058997050147492
1000016,1000004,50,0.14749262536873156
1000016,1000006,44,0.12979351032448377
1000016,1000003,63,0.18584070796460178
1000016,1000007,58,0.1710914454277286
1000016,1000000,44,0.12979351032448377
1000016,1000005,42,0.12389380530973451
1000016,1000002,36,0.10619469026548672
1000016,1000010,15,0.04424778761061947
1000016,1000012,11,0.032448377581120944
1000016,1000038,18,0.05309734513274336
1000016,1000036,20,0.058997050147492625
1000016,1000016,339,1.0
1000016,1000026,24,0.07079646017699115
1000016,1000020,25,0.07374631268436578
1000016,1000025,16,0.0471976401179941
1000016,1000039,22,0.06489675516224189
1000016,1000032,18,0.05309734513274336
1000016,1000023,22,0.06489675516224189
1000016,1000035,19,0.05604719764011799
1000016,1000034,11,0.032448377581120944
1000016,1000022,16,0.0471976401179941
1000016,1000033,19,0.05604719764011799
1000016,1000021,15,0.04424778761061947
1000016,1000029,18,0.05309734513274336
1000016,1000019,22,0.06489675516224189
1000016,1000013,24,0.07079646017699115
1000016,1000027,16,0.0471976401179941
1000016,1000031,17,0.05014749262536873
1000016,1000030,19,0.05604719764011799
1000016,1000014,15,0.04424778761061947
1000016,1000015,15,0.04424778761061947
1000016,1000024,16,0.0471976401179941
1000016,1000018,17,0.05014749262536873
1000016,1000037,15,0.04424778761061947
1000016,1000011,17,0.05014749262536873
1000016,1000017,18,0.05309734513274336
1000016,1000028,12,0.035398230088495575
1000026,1000008,55,0.16417910447761194
1000026,1000001,44,0.13134328358208955
1000026,1000009,55,0.16417910447761194
1000026,1000004,57,0.1701492537313433
1000026,1000006,55,0.16417910447761194
1000026,1000003,56,0.16716417910447762
1000026,1000007,51,0.15223880597014924
1000026,1000000,47,0.14029850746268657
1000026,1000005,50,0.14925373134328357
1000026,1000002,37,0.11044776119402985
1000026,1000010,16,0.04776119402985075
1000026,1000012,19,0.056716417910447764
1000026,1000038,18,0.05373134328358209
1000026,1000036,18,0.05373134328358209
1000026,1000016,24,0.07164179104477612
1000026,1000026,335,1.0
1000026,1000020,26,0.07761194029850746
1000026,1000025,14,0.041791044776119404
1000026,1000039,22,0.06567164179104477
1000026,1000032,12,0.03582089552238806
1000026,1000023,14,0.041791044776119404
1000026,1000035,18,0.05373134328358209
1000026,1000034,16,0.04776119402985075
1000026,1000022,16,0.04776119402985075
1000026,1000033,16,0.04776119402985075
1000026,1000021,19,0.056716417910447764
1000026,1000029,17,0.050746268656716415
1000026,1000019,16,0.04776119402985075
1000026,1000013,14,0.041791044776119404
1000026,1000027,14,0.041791044776119404
1000026,1000031,21,0.0626865671641791
1000026,1000030,12,0.03582089552238806
1000026,1000014,18,0.05373134328358209
1000026,1000015,25,0.07462686567164178
1000026,1000024,16,0.04776119402985075
1000026,1000018,21,0.0626865671641791
1000026,1000037,16,0.04776119402985075
1000026,1000011,19,0.056716417910447764
1000026,1000017,26,0.07761194029850746
1000026,1000028,20,0.05970149253731343
1000020,1000008,46,0.13813813813813813
1000020,1000001,50,0.15015015015015015
1000020,1000009,57,0.17117117117117117
1000020,1000004,54,0.16216216216216217
1000020,1000006,49,0.14714714714714713
1000020,1000003,48,0.14414414414414414
1000020,1000007,50,0.15015015015015015
1000020,1000000,52,0.15615615615615616
1000020,1000005,46,0.13813813813813813
1000020,1000002,49,0.14714714714714713
1000020,1000010,14,0.042042042042042045
1000020,1000012,23,0.06906906906906907
1000020,1000038,14,0.042042042042042045
1000020,1000036,24,0.07207207207207207
1000020,1000016,25,0.07507507507507508
1000020,1000026,26,0.07807807807807808
1000020,1000020,333,1.0
1000020,1000025,15,0.04504504504504504
1000020,1000039,21,0.06306306306306306
1000020,1000032,16,0.04804804804804805
1000020,1000023,17,0.05105105105105105
1000020,1000035,14,0.042042042042042045
1000020,1000034,16,0.04804804804804805
1000020,1000022,21,0.06306306306306306
1000020,1000033,17,0.05105105105105105
1000020,1000021,17,0.05105105105105105
1000020,1000029,21,0.06306306306306306
1000020,1000019,18,0.05405405405405406
1000020,1000013,19,0.057057057057057055
1000020,1000027,15,0.04504504504504504
1000020,1000031,19,0.057057057057057055
1000020,1000030,16,0.04804804804804805
1000020,1000014,11,0.03303303303303303
1000020,1000015,17,0.05105105105105105
1000020,1000024,10,0.03003003003003003
1000020,1000018,17,0.05105105105105105
1000020,1000037,15,0.04504504504504504
1000020,1000011,15,0.04504504504504504
1000020,1000017,16,0.04804804804804805
1000020,1000028,15,0.04504504504504504
1000025,1000008,62,0.18787878787878787
1000025,1000001,51,0.15454545454545454
1000025,1000009,50,0.15151515151515152
1000025,1000004,56,0.1696969696969697
1000025,1000006,52,0.15757575757575756
1000025,1000003,58,0.17575757575757575
1000025,1000007,59,0.1787878787878788
1000025,1000000,48,0.14545454545454545
1000025,1000005,33,0.1
1000025,1000002,46,0.1393939393939394
1000025,1000010,23,0.0696969696969697
1000025,1000012,14,0.04242424242424243
1000025,1000038,17,0.051515151515151514
1000025,1000036,14,0.04242424242424243
1000025,1000016,16,0.048484848484848485
1000025,1000026,14,0.04242424242424243
1000025,1000020,15,0.045454545454545456
1000025,1000025,330,1.0
1000025,1000039,19,0.05757575757575758
1000025,1000032,25,0.07575757575757576
1000025,1000023,24,0.07272727272727272
1000025,1000035,19,0.05757575757575758
1000025,1000034,15,0.045454545454545456
1000025,1000022,23,0.0696969696969697
1000025,1000033,17,0.051515151515151514
1000025,1000021,9,0.02727272727272727
1000025,1000029,22,0.06666666666666667
1000025,1000019,20,0.06060606060606061
1000025,1000013,19,0.05757575757575758
1000025,1000027,18,0.05454545454545454
1000025,1000031,13,0.03939393939393939
1000025,1000030,18,0.05454545454545454
1000025,1000014,22,0.06666666666666667
1000025,1000015,17,0.051515151515151514
1000025,1000024,18,0.05454545454545454
1000025,1000018,17,0.051515151515151514
1000025,1000037,13,0.03939393939393939
1000025,1000011,15,0.045454545454545456
1000025,1000017,14,0.04242424242424243
1000025,1000028,19,0.05757575757575758
1000039,1000008,57,0.17378048780487804
1000039,1000001,44,0.13414634146341464
1000039,1000009,52,0.15853658536585366
1000039,1000004,49,0.14939024390243902
1000039,1000006,47,0.14329268292682926
1000039,1000003,42,0.12804878048780488
1000039,1000007,53,0.16158536585365854
1000039,1000000,58,0.17682926829268292
1000039,1000005,51,0.15548780487804878
1000039,1000002,43,0.13109756097560976
1000039,1000010,16,0.04878048780487805
1000039,1000012,18,0.054878048780487805
1000039,1000038,18,0.054878048780487805
1000039,1000036,28,0.08536585365853659
1000039,1000016,22,0.06707317073170732
1000039,1000026,22,0.06707317073170732
1000039,1000020,21,0.06402439024390244
1000039,1000025,19,0.057926829268292686
1000039,1000039,328,1.0
1000039,1000032,17,0.051829268292682924
1000039,1000023,23,0.0701219512195122
1000039,1000035,11,0.03353658536585366
1000039,1000034,12,0.036585365853658534
1000039,1000022,17,0.051829268292682924
1000039,1000033,19,0.057926829268292686
1000039,1000021,27,0.08231707317073171
1000039,1000029,18,0.054878048780487805
1000039,1000019,18,0.054878048780487805
1000039,1000013,16,0.04878048780487805
1000039,1000027,15,0.04573170731707317
1000039,1000031,16,0.04878048780487805
1000039,1000030,25,0.07621951219512195
1000039,1000014,18,0.054878048780487805
1000039,1000015,21,0.06402439024390244
1000039,1000024,21,0.06402439024390244
1000039,1000018,12,0.036585365853658534
1000039,1000037,15,0.04573170731707317
1000039,1000011,12,0.036585365853658534
1000039,1000017,9,0.027439024390243903
1000039,1000028,12,0.036585365853658534
1000032,1000008,65,0.2
1000032,1000001,51,0.15692307692307692
1000032,1000009,61,0.18769230769230769
1000032,1000004,58,0.17846153846153845
1000032,1000006,52,0.16
1000032,1000003,47,0.14461538461538462
1000032,1000007,57,0.1753846153846154
1000032,1000000,52,0.16
1000032,1000005,37,0.11384615384615385
1000032,1000002,44,0.13538461538461538
1000032,1000010,30,0.09230769230769231
1000032,1000012,26,0.08
1000032,1000038,21,0.06461538461538462
1000032,1000036,27,0.08307692307692308
1000032,1000016,18,0.055384615384615386
1000032,1000026,12,0.036923076923076927
1000032,1000020,16,0.04923076923076923
1000032,1000025,25,0.07692307692307693
1000032,1000039,17,0.052307692307692305
1000032,1000032,325,1.0
1000032,1000023,12,0.036923076923076927
1000032,1000035,18,0.055384615384615386
1000032,1000034,13,0.04
1000032,1000022,13,0.04
1000032,1000033,24,0.07384615384615385
1000032,1000021,13,0.04
1000032,1000029,10,0.03076923076923077
1000032,1000019,17,0.052307692307692305
1000032,1000013,18,0.055384615384615386
1000032,1000027,12,0.036923076923076927
1000032,1000031,16,0.04923076923076923
1000032,1000030,13,0.04
1000032,1000014,18,0.055384615384615386
1000032,1000015,12,0.036923076923076927
1000032,1000024,18,0.055384615384615386
1000032,1000018,23,0.07076923076923076
1000032,1000037,19,0.05846153846153846
1000032,1000011,16,0.04923076923076923
1000032,1000017,15,0.046153846153846156
1000032,1000028,11,0.033846153846153845
1000023,1000008,49,0.15076923076923077
1000023,1000001,67,0.20615384615384616
1000023,1000009,48,0.1476923076923077
1000023,1000004,60,0.18461538461538463
1000023,1000006,41,0.12615384615384614
1000023,1000003,56,0.1723076923076923
1000023,1000007,45,0.13846153846153847
1000023,1000000,44,0.13538461538461538
1000023,1000005,43,0.13230769230769232
1000023,1000002,48,0.1476923076923077
1000023,1000010,16,0.04923076923076923
1000023,1000012,15,0.046153846153846156
1000023,1000038,24,0.07384615384615385
1000023,1000036,20,0.06153846153846154
1000023,1000016,22,0.06769230769230769
1000023,1000026,14,0.043076923076923075
1000023,1000020,17,0.052307692307692305
1000023,1000025,24,0.07384615384615385
1000023,1000039,23,0.07076923076923076
1000023,1000032,12,0.036923076923076927
1000023,1000023,325,1.0
1000023,1000035,15,0.046153846153846156
1000023,1000034,20,0.06153846153846154
1000023,1000022,13,0.04
1000023,1000033,16,0.04923076923076923
1000023,1000021,26,0.08
1000023,1000029,15,0.046153846153846156
1000023,1000019,16,0.04923076923076923
1000023,1000013,18,0.055384615384615386
1000023,1000027,14,0.043076923076923075
1000023,1000031,15,0.046153846153846156
1000023,1000030,17,0.052307692307692305
1000023,1000014,21,0.06461538461538462
1000023,1000015,20,0.06153846153846154
1000023,1000024,17,0.052307692307692305
1000023,1000018,18,0.055384615384615386
1000023,1000037,21,0.06461538461538462
1000023,1000011,10,0.03076923076923077
1000023,1000017,14,0.043076923076923075
1000023,1000028,20,0.06153846153846154
1000035,1000008,50,0.15432098765432098
1000035,1000001,59,0.18209876543209877
1000035,1000009,61,0.1882716049382716
1000035,1000004,49,0.15123456790123457
1000035,1000006,43,0.13271604938271606
1000035,1000003,46,0.1419753086419753
1000035,1000007,44,0.13580246913580246
1000035,1000000,51,0.1574074074074074
1000035,1000005,44,0.13580246913580246
1000035,1000002,43,0.13271604938271606
1000035,1000010,26,0.08024691358024691
1000035,1000012,19,0.05864197530864197
1000035,1000038,18,0.05555555555555555
1000035,1000036,8,0.024691358024691357
1000035,1000016,19,0.05864197530864197
1000035,1000026,18,0.05555555555555555
1000035,1000020,14,0.043209876543209874
1000035,1000025,19,0.05864197530864197
1000035,1000039,11,0.033950617283950615
1000035,1000032,18,0.05555555555555555
1000035,1000023,15,0.046296296296296294
1000035,1000035,324,1.0
1000035,1000034,24,0.07407407407407407
1000035,1000022,23,0.07098765432098765
1000035,1000033,21,0.06481481481481481
1000035,1000021,20,0.06172839506172839
1000035,1000029,17,0.05246913580246913
1000035,1000019,12,0.037037037037037035
1000035,1000013,14,0.043209876543209874
1000035,1000027,23,0.07098765432098765
1000035,1000031,19,0.05864197530864197
1000035,1000030,11,0.033950617283950615
1000035,1000014,23,0.07098765432098765
1000035,1000015,17,0.05246913580246913
1000035,1000024,22,0.06790123456790123
1000035,1000018,19,0.05864197530864197
1000035,1000037,10,0.030864197530864196
1000035,1000011,23,0.07098765432098765
1000035,1000017,17,0.05246913580246913
1000035,1000028,17,0.05246913580246913
1000034,1000008,48,0.14814814814814814
1000034,1000001,53,0.16358024691358025
1000034,1000009,58,0.17901234567901234
1000034,1000004,51,0.1574074074074074
1000034,1000006,53,0.16358024691358025
1000034,1000003,59,0.18209876543209877
1000034,1000007,49,0.15123456790123457
1000034,1000000,46,0.1419753086419753
1000034,1000005,42,0.12962962962962962
1000034,1000002,44,0.13580246913580246
1000034,1000010,28,0.08641975308641975
1000034,1000012,16,0.04938271604938271
1000034,1000038,20,0.06172839506172839
1000034,1000036,10,0.030864197530864196
1000034,1000016,11,0.033950617283950615
1000034,1000026,16,0.04938271604938271
1000034,1000020,16,0.04938271604938271
1000034,1000025,15,0.046296296296296294
1000034,1000039,12,0.037037037037037035
1000034,1000032,13,0.040123456790123455
1000034,1000023,20,0.06172839506172839
1000034,1000035,24,0.07407407407407407
1000034,1000034,324,1.0
1000034,1000022,14,0.043209876543209874
1000034,1000033,22,0.06790123456790123
1000034,1000021,12,0.037037037037037035
1000034,1000029,28,0.08641975308641975
1000034,1000019,18,0.05555555555555555
1000034,1000013,7,0.021604938271604937
1000034,1000027,23,0.07098765432098765
1000034,1000031,13,0.040123456790123455
1000034,1000030,21,0.06481481481481481
1000034,1000014,19,0.05864197530864197
1000034,1000015,13,0.040123456790123455
1000034,1000024,21,0.06481481481481481
1000034,1000018,23,0.07098765432098765
1000034,1000037,16,0.04938271604938271
1000034,1000011,19,0.05864197530864197
1000034,1000017,15,0.046296296296296294
1000034,1000028,17,0.05246913580246913
1000022,1000008,62,0.19135802469135801
1000022,1000001,51,0.1574074074074074
1000022,1000009,52,0.16049382716049382
1000022,1000004,56,0.1728395061728395
1000022,1000006,47,0.14506172839506173
1000022,1000003,44,0.13580246913580246
1000022,1000007,51,0.1574074074074074
1000022,1000000,47,0.14506172839506173
1000022,1000005,43,0.13271604938271606
1000022,1000002,41,0.12654320987654322
1000022,1000010,17,0.05246913580246913
1000022,1000012,22,0.06790123456790123
1000022,1000038,20,0.06172839506172839
1000022,1000036,15,0.046296296296296294
1000022,1000016,16,0.04938271604938271
1000022,1000026,16,0.04938271604938271
1000022,1000020,21,0.06481481481481481
1000022,1000025,23,0.07098765432098765
1000022,1000039,17,0.05246913580246913
1000022,1000032,13,0.040123456790123455
1000022,1000023,13,0.040123456790123455
1000022,1000035,23,0.07098765432098765
1000022,1000034,14,0.043209876543209874
1000022,1000022,324,1.0
1000022,1000033,13,0.040123456790123455
1000022,1000021,16,0.04938271604938271
1000022,1000029,18,0.05555555555555555
1000022,1000019,18,0.05555555555555555
1000022,1000013,19,0.05864197530864197
1000022,1000027,22,0.06790123456790123
1000022,1000031,21,0.06481481481481481
1000022,1000030,27,0.08333333333333333
1000022,1000014,17,0.05246913580246913
1000022,1000015,16,0.04938271604938271
1000022,1000024,18,0.05555555555555555
1000022,1000018,15,0.046296296296296294
1000022,1000037,15,0.046296296296296294
1000022,1000011,21,0.06481481481481481
1000022,1000017,20,0.06172839506172839
1000022,1000028,13,0.040123456790123455
1000033,1000008,48,0.14860681114551083
1000033,1000001,58,0.17956656346749225
1000033,1000009,52,0.1609907120743034
1000033,1000004,49,0.15170278637770898
1000033,1000006,57,0.17647058823529413
1000033,1000003,39,0.12074303405572756
1000033,1000007,44,0.13622291021671826
1000033,1000000,43,0.13312693498452013
1000033,1000005,48,0.14860681114551083
1000033,1000002,50,0.15479876160990713
1000033,1000010,12,0.03715170278637771
1000033,1000012,17,0.05263157894736842
1000033,1000038,22,0.06811145510835913
1000033,1000036,21,0.06501547987616099
1000033,1000016,19,0.058823529411764705
1000033,1000026,16,0.04953560371517028
1000033,1000020,17,0.05263157894736842
1000033,1000025,17,0.05263157894736842
1000033,1000039,19,0.058823529411764705
1000033,1000032,24,0.07430340557275542
1000033,1000023,16,0.04953560371517028
1000033,1000035,21,0.06501547987616099
1000033,1000034,22,0.06811145510835913
1000033,1000022,13,0.04024767801857585
1000033,1000033,323,1.0
1000033,1000021,20,0.06191950464396285
1000033,1000029,17,0.05263157894736842
1000033,1000019,14,0.043343653250773995
1000033,1000013,12,0.03715170278637771
1000033,1000027,17,0.05263157894736842
1000033,1000031,21,0.06501547987616099
1000033,1000030,16,0.04953560371517028
1000033,1000014,17,0.05263157894736842
1000033,1000015,11,0.034055727554179564
1000033,1000024,16,0.04953560371517028
1000033,1000018,18,0.05572755417956656
1000033,1000037,19,0.058823529411764705
1000033,1000011,22,0.06811145510835913
1000033,1000017,18,0.05572755417956656
1000033,1000028,15,0.04643962848297214
1000021,1000008,56,0.17391304347826086
1000021,1000001,59,0.18322981366459629
1000021,1000009,49,0.15217391304347827
1000021,1000004,50,0.15527950310559005
1000021,1000006,46,0.14285714285714285
1000021,1000003,42,0.13043478260869565
1000021,1000007,53,0.16459627329192547
1000021,1000000,43,0.13354037267080746
1000021,1000005,53,0.16459627329192547
1000021,1000002,47,0.14596273291925466
1000021,1000010,24,0.07453416149068323
1000021,1000012,18,0.055900621118012424
1000021,1000038,21,0.06521739130434782
1000021,1000036,22,0.06832298136645963
1000021,1000016,15,0.046583850931677016
1000021,1000026,19,0.059006211180124224
1000021,1000020,17,0.052795031055900624
1000021,1000025,9,0.027950310559006212
1000021,1000039,27,0.08385093167701864
1000021,1000032,13,0.040372670807453416
1000021,1000023,26,0.08074534161490683
1000021,1000035,20,0.062111801242236024
1000021,1000034,12,0.037267080745341616
1000021,1000022,16,0.049689440993788817
1000021,1000033,20,0.062111801242236024
1000021,1000021,322,1.0
1000021,1000029,17,0.052795031055900624
1000021,1000019,18,0.055900621118012424
1000021,1000013,21,0.06521739130434782
1000021,1000027,15,0.046583850931677016
1000021,1000031,17,0.052795031055900624
1000021,1000030,11,0.034161490683229816
1000021,1000014,9,0.027950310559006212
1000021,1000015,14,0.043478260869565216
1000021,1000024,18,0.055900621118012424
1000021,1000018,18,0.055900621118012424
1000021,1000037,15,0.046583850931677016
1000021,1000011,15,0.046583850931677016
1000021,1000017,17,0.052795031055900624
1000021,1000028,19,0.059006211180124224
1000029,1000008,57,0.17757009345794392
1000029,1000001,42,0.1308411214953271
1000029,1000009,52,0.16199376947040497
1000029,1000004,39,0.12149532710280374
1000029,1000006,50,0.1557632398753894
1000029,1000003,44,0.13707165109034267
1000029,1000007,41,0.1277258566978193
1000029,1000000,52,0.16199376947040497
1000029,1000005,54,0.16822429906542055
1000029,1000002,53,0.16510903426791276
1000029,1000010,18,0.056074766355140186
1000029,1000012,29,0.09034267912772585
1000029,1000038,15,0.04672897196261682
1000029,1000036,20,0.06230529595015576
1000029,1000016,18,0.056074766355140186
1000029,1000026,17,0.0529595015576324
1000029,1000020,21,0.06542056074766354
1000029,1000025,22,0.06853582554517133
1000029,1000039,18,0.056074766355140186
1000029,1000032,10,0.03115264797507788
1000029,1000023,15,0.04672897196261682
1000029,1000035,17,0.0529595015576324
1000029,1000034,28,0.08722741433021806
1000029,1000022,18,0.056074766355140186
1000029,1000033,17,0.0529595015576324
1000029,1000021,17,0.0529595015576324
1000029,1000029,321,1.0
1000029,1000019,26,0.08099688473520249
1000029,1000013,16,0.04984423676012461
1000029,1000027,19,0.059190031152647975
1000029,1000031,20,0.06230529595015576
1000029,1000030,22,0.06853582554517133
1000029,1000014,18,0.056074766355140186
1000029,1000015,16,0.04984423676012461
1000029,1000024,16,0.04984423676012461
1000029,1000018,16,0.04984423676012461
1000029,1000037,14,0.04361370716510903
1000029,1000011,14,0.04361370716510903
1000029,1000017,17,0.0529595015576324
1000029,1000028,21,0.06542056074766354
1000019,1000008,60,0.1875
1000019,1000001,48,0.15
1000019,1000009,42,0.13125
1000019,1000004,46,0.14375
1000019,1000006,50,0.15625
1000019,1000003,52,0.1625
1000019,1000007,49,0.153125
1000019,1000000,46,0.14375
1000019,1000005,51,0.159375
1000019,1000002,37,0.115625
1000019,1000010,13,0.040625
1000019,1000012,20,0.0625
1000019,1000038,12,0.0375
1000019,1000036,22,0.06875
1000019,1000016,22,0.06875
1000019,1000026,16,0.05
1000019,1000020,18,0.05625
1000019,1000025,20,0.0625
1000019,1000039,18,0.05625
1000019,1000032,17,0.053125
1000019,1000023,16,0.05
1000019,1000035,12,0.0375
1000019,1000034,18,0.05625
1000019,1000022,18,0.05625
1000019,1000033,14,0.04375
1000019,1000021,18,0.05625
1000019,1000029,26,0.08125
1000019,1000019,320,1.0
1000019,1000013,14,0.04375
1000019,1000027,18,0.05625
1000019,1000031,12,0.0375
1000019,1000030,20,0.0625
1000019,1000014,9,0.028125
1000019,1000015,9,0.028125
1000019,1000024,18,0.05625
1000019,1000018,17,0.053125
1000019,1000037,11,0.034375
1000019,1000011,14,0.04375
1000019,1000017,20,0.0625
1000019,1000028,14,0.04375
1000013,1000008,57,0.178125
1000013,1000001,60,0.1875
1000013,1000009,55,0.171875
1000013,1000004,57,0.178125
1000013,1000006,55,0.171875
1000013,1000003,54,0.16875
1000013,1000007,47,0.146875
1000013,1000000,54,0.16875
1000013,1000005,57,0.178125
1000013,1000002,49,0.153125
1000013,1000010,16,0.05
1000013,1000012,16,0.05
1000013,1000038,15,0.046875
1000013,1000036,19,0.059375
1000013,1000016,24,0.075
1000013,1000026,14,0.04375
1000013,1000020,19,0.059375
1000013,1000025,19,0.059375
1000013,1000039,16,0.05
1000013,1000032,18,0.05625
1000013,1000023,18,0.05625
1000013,1000035,14,0.04375
1000013,1000034,7,0.021875
1000013,1000022,19,0.059375
1000013,1000033,12,0.0375
1000013,1000021,21,0.065625
1000013,1000029,16,0.05
1000013,1000019,14,0.04375
1000013,1000013,320,1.0
1000013,1000027,22,0.06875
1000013,1000031,18,0.05625
1000013,1000030,17,0.053125
1000013,1000014,12,0.0375
1000013,1000015,11,0.034375
1000013,1000024,20,0.0625
1000013,1000018,22,0.06875
1000013,1000037,15,0.046875
1000013,1000011,14,0.04375
1000013,1000017,14,0.04375
1000013,1000028,11,0.034375
1000027,1000008,57,0.1786833855799373
1000027,1000001,61,0.19122257053291536
1000027,1000009,46,0.14420062695924765
1000027,1000004,55,0.1724137931034483
1000027,1000006,41,0.12852664576802508
1000027,1000003,65,0.20376175548589343
1000027,1000007,42,0.13166144200626959
1000027,1000000,43,0.13479623824451412
1000027,1000005,51,0.15987460815047022
1000027,1000002,46,0.14420062695924765
1000027,1000010,15,0.047021943573667714
1000027,1000012,22,0.06896551724137931
1000027,1000038,15,0.047021943573667714
1000027,1000036,18,0.05642633228840126
1000027,1000016,16,0.050156739811912224
1000027,1000026,14,0.0438871473354232
1000027,1000020,15,0.047021943573667714
1000027,1000025,18,0.05642633228840126
1000027,1000039,15,0.047021943573667714
1000027,1000032,12,0.03761755485893417
1000027,1000023,14,0.0438871473354232
1000027,1000035,23,0.07210031347962383
1000027,1000034,23,0.07210031347962383
1000027,1000022,22,0.06896551724137931
1000027,1000033,17,0.05329153605015674
1000027,1000021,15,0.047021943573667714
1000027,1000029,19,0.05956112852664577
1000027,1000019,18,0.05642633228840126
1000027,1000013,22,0.06896551724137931
1000027,1000027,319,1.0
1000027,1000031,13,0.04075235109717868
1000027,1000030,19,0.05956112852664577
1000027,1000014,27,0.08463949843260188
1000027,1000015,19,0.05956112852664577
1000027,1000024,12,0.03761755485893417
1000027,1000018,10,0.03134796238244514
1000027,1000037,19,0.05956112852664577
1000027,1000011,17,0.05329153605015674
1000027,1000017,21,0.06583072100313479
1000027,1000028,23,0.07210031347962383
1000031,1000008,48,0.1518987341772152
1000031,1000001,54,0.17088607594936708
1000031,1000009,59,0.18670886075949367
1000031,1000004,41,0.12974683544303797
1000031,1000006,49,0.1550632911392405
1000031,1000003,48,0.1518987341772152
1000031,1000007,53,0.16772151898734178
1000031,1000000,43,0.1360759493670886
1000031,1000005,47,0.14873417721518986
1000031,1000002,45,0.14240506329113925
1000031,1000010,24,0.0759493670886076
1000031,1000012,16,0.05063291139240506
1000031,1000038,19,0.060126582278481014
1000031,1000036,22,0.06962025316455696
1000031,1000016,17,0.05379746835443038
1000031,1000026,21,0.06645569620253164
1000031,1000020,19,0.060126582278481014
1000031,1000025,13,0.04113924050632911
1000031,1000039,16,0.05063291139240506
1000031,1000032,16,0.05063291139240506
1000031,1000023,15,0.04746835443037975
1000031,1000035,19,0.060126582278481014
1000031,1000034,13,0.04113924050632911
1000031,1000022,21,0.06645569620253164
1000031,1000033,21,0.06645569620253164
1000031,1000021,17,0.05379746835443038
1000031,1000029,20,0.06329113924050633
1000031,1000019,12,0.0379746835443038
1000031,1000013,18,0.056962025316455694
1000031,1000027,13,0.04113924050632911
1000031,1000031,316,1.0
1000031,1000030,10,0.03164556962025317
1000031,1000014,18,0.056962025316455694
1000031,1000015,14,0.04430379746835443
1000031,1000024,12,0.0379746835443038
1000031,1000018,17,0.05379746835443038
1000031,1000037,25,0.07911392405063292
1000031,1000011,16,0.05063291139240506
1000031,1000017,16,0.05063291139240506
1000031,1000028,16,0.05063291139240506
1000030,1000008,49,0.15654952076677317
1000030,1000001,51,0.16293929712460065
1000030,1000009,49,0.15654952076677317
1000030,1000004,40,0.12779552715654952
1000030,1000006,47,0.1501597444089457
1000030,1000003,59,0.18849840255591055
1000030,1000007,63,0.2012779552715655
1000030,1000000,54,0.17252396166134185
1000030,1000005,41,0.13099041533546327
1000030,1000002,41,0.13099041533546327
1000030,1000010,21,0.0670926517571885
1000030,1000012,24,0.07667731629392971
1000030,1000038,14,0.04472843450479233
1000030,1000036,20,0.06389776357827476
1000030,1000016,19,0.06070287539936102
1000030,1000026,12,0.038338658146964855
1000030,1000020,16,0.051118210862619806
1000030,1000025,18,0.05750798722044728
1000030,1000039,25,0.07987220447284345
1000030,1000032,13,0.04153354632587859
1000030,1000023,17,0.054313099041533544
1000030,1000035,11,0.03514376996805112
1000030,1000034,21,0.0670926517571885
1000030,1000022,27,0.08626198083067092
1000030,1000033,16,0.051118210862619806
1000030,1000021,11,0.03514376996805112
1000030,1000029,22,0.07028753993610223
1000030,1000019,20,0.06389776357827476
1000030,1000013,17,0.054313099041533544
1000030,1000027,19,0.06070287539936102
1000030,1000031,10,0.03194888178913738
1000030,1000030,313,1.0
1000030,1000014,18,0.05750798722044728
1000030,1000015,19,0.06070287539936102
1000030,1000024,14,0.04472843450479233
1000030,1000018,13,0.04153354632587859
1000030,1000037,9,0.02875399361022364
1000030,1000011,12,0.038338658146964855
1000030,1000017,22,0.07028753993610223
1000030,1000028,11,0.03514376996805112
1000014,1000008,58,0.1870967741935484
1000014,1000001,50,0.16129032258064516
1000014,1000009,49,0.15806451612903225
1000014,1000004,45,0.14516129032258066
1000014,1000006,40,0.12903225806451613
1000014,1000003,39,0.12580645161290321
1000014,1000007,54,0.17419354838709677
1000014,1000000,37,0.11935483870967742
1000014,1000005,38,0.12258064516129032
1000014,1000002,45,0.14516129032258066
1000014,1000010,21,0.06774193548387097
1000014,1000012,14,0.04516129032258064
1000014,1000038,14,0.04516129032258064
1000014,1000036,15,0.04838709677419355
1000014,1000016,15,0.04838709677419355
1000014,1000026,18,0.05806451612903226
1000014,1000020,11,0.035483870967741936
1000014,1000025,22,0.07096774193548387
1000014,1000039,18,0.05806451612903226
1000014,1000032,18,0.05806451612903226
1000014,1000023,21,0.06774193548387097
1000014,1000035,23,0.07419354838709677
1000014,1000034,19,0.06129032258064516
1000014,1000022,17,0.054838709677419356
1000014,1000033,17,0.054838709677419356
1000014,1000021,9,0.02903225806451613
1000014,1000029,18,0.05806451612903226
1000014,1000019,9,0.02903225806451613
1000014,1000013,12,0.03870967741935484
1000014,1000027,27,0.08709677419354839
1000014,1000031,18,0.05806451612903226
1000014,1000030,18,0.05806451612903226
1000014,1000014,310,1.0
1000014,1000015,16,0.05161290322580645
1000014,1000024,19,0.06129032258064516
1000014,1000018,14,0.04516129032258064
1000014,1000037,19,0.06129032258064516
1000014,1000011,22,0.07096774193548387
1000014,1000017,9,0.02903225806451613
1000014,1000028,11,0.035483870967741936
1000015,1000008,65,0.21172638436482086
1000015,1000001,53,0.17263843648208468
1000015,1000009,40,0.13029315960912052
1000015,1000004,48,0.1563517915309446
1000015,1000006,55,0.1791530944625407
1000015,1000003,48,0.1563517915309446
1000015,1000007,46,0.1498371335504886
1000015,1000000,47,0.15309446254071662
1000015,1000005,51,0.16612377850162866
1000015,1000002,45,0.1465798045602606
1000015,1000010,18,0.05863192182410423
1000015,1000012,15,0.048859934853420196
1000015,1000038,23,0.0749185667752443
1000015,1000036,17,0.05537459283387622
1000015,1000016,15,0.048859934853420196
1000015,1000026,25,0.08143322475570032
1000015,1000020,17,0.05537459283387622
1000015,1000025,17,0.05537459283387622
1000015,1000039,21,0.06840390879478828
1000015,1000032,12,0.03908794788273615
1000015,1000023,20,0.06514657980456026
1000015,1000035,17,0.05537459283387622
1000015,1000034,13,0.04234527687296417
1000015,1000022,16,0.05211726384364821
1000015,1000033,11,0.035830618892508145
1000015,1000021,14,0.04560260586319218
1000015,1000029,16,0.05211726384364821
1000015,1000019,9,0.029315960912052116
1000015,1000013,11,0.035830618892508145
1000015,1000027,19,0.06188925081433225
1000015,1000031,14,0.04560260586319218
1000015,1000030,19,0.06188925081433225
1000015,1000014,16,0.05211726384364821
1000015,1000015,307,1.0
1000015,1000024,13,0.04234527687296417
1000015,1000018,20,0.06514657980456026
1000015,1000037,13,0.04234527687296417
1000015,1000011,17,0.05537459283387622
1000015,1000017,9,0.029315960912052116
1000015,1000028,18,0.05863192182410423
1000024,1000008,44,0.1437908496732026
1000024,1000001,61,0.19934640522875818
1000024,1000009,56,0.1830065359477124
1000024,1000004,58,0.1895424836601307
1000024,1000006,49,0.16013071895424835
1000024,1000003,40,0.13071895424836602
1000024,1000007,45,0.14705882352941177
1000024,1000000,45,0.14705882352941177
1000024,1000005,41,0.13398692810457516
1000024,1000002,44,0.1437908496732026
1000024,1000010,19,0.06209150326797386
1000024,1000012,20,0.06535947712418301
1000024,1000038,15,0.049019607843137254
1000024,1000036,15,0.049019607843137254
1000024,1000016,16,0.05228758169934641
1000024,1000026,16,0.05228758169934641
1000024,1000020,10,0.032679738562091505
1000024,1000025,18,0.058823529411764705
1000024,1000039,21,0.06862745098039216
1000024,1000032,18,0.058823529411764705
1000024,1000023,17,0.05555555555555555
1000024,1000035,22,0.0718954248366013
1000024,1000034,21,0.06862745098039216
1000024,1000022,18,0.058823529411764705
1000024,1000033,16,0.05228758169934641
1000024,1000021,18,0.058823529411764705
1000024,1000029,16,0.05228758169934641
1000024,1000019,18,0.058823529411764705
1000024,1000013,20,0.06535947712418301
1000024,1000027,12,0.0392156862745098
1000024,1000031,12,0.0392156862745098
1000024,1000030,14,0.0457516339869281
1000024,1000014,19,0.06209150326797386
1000024,1000015,13,0.042483660130718956
1000024,1000024,306,1.0
1000024,1000018,16,0.05228758169934641
1000024,1000037,16,0.05228758169934641
1000024,1000011,14,0.0457516339869281
1000024,1000017,15,0.049019607843137254
1000024,1000028,13,0.042483660130718956
1000018,1000008,62,0.20327868852459016
1000018,1000001,55,0.18032786885245902
1000018,1000009,47,0.1540983606557377
1000018,1000004,52,0.17049180327868851
1000018,1000006,40,0.13114754098360656
1000018,1000003,57,0.18688524590163935
1000018,1000007,59,0.19344262295081968
1000018,1000000,60,0.19672131147540983
1000018,1000005,32,0.10491803278688525
1000018,1000002,42,0.1377049180327869
1000018,1000010,17,0.05573770491803279
1000018,1000012,14,0.04590163934426229
1000018,1000038,25,0.08196721311475409
1000018,1000036,17,0.05573770491803279
1000018,1000016,17,0.05573770491803279
1000018,1000026,21,0.06885245901639345
1000018,1000020,17,0.05573770491803279
1000018,1000025,17,0.05573770491803279
1000018,1000039,12,0.03934426229508197
1000018,1000032,23,0.07540983606557378
1000018,1000023,18,0.05901639344262295
1000018,1000035,19,0.06229508196721312
1000018,1000034,23,0.07540983606557378
1000018,1000022,15,0.04918032786885246
1000018,1000033,18,0.05901639344262295
1000018,1000021,18,0.05901639344262295
1000018,1000029,16,0.05245901639344262
1000018,1000019,17,0.05573770491803279
1000018,1000013,22,0.07213114754098361
1000018,1000027,10,0.03278688524590164
1000018,1000031,17,0.05573770491803279
1000018,1000030,13,0.04262295081967213
1000018,1000014,14,0.04590163934426229
1000018,1000015,20,0.06557377049180328
1000018,1000024,16,0.05245901639344262
1000018,1000018,305,1.0
1000018,1000037,23,0.07540983606557378
1000018,1000011,14,0.04590163934426229
1000018,1000017,15,0.04918032786885246
1000018,1000028,16,0.05245901639344262
1000037,1000008,38,0.12459016393442623
1000037,1000001,59,0.19344262295081968
1000037,1000009,53,0.1737704918032787
1000037,1000004,43,0.14098360655737704
1000037,1000006,49,0.16065573770491803
1000037,1000003,47,0.1540983606557377
1000037,1000007,49,0.16065573770491803
1000037,1000000,47,0.1540983606557377
1000037,1000005,49,0.16065573770491803
1000037,1000002,52,0.17049180327868851
1000037,1000010,19,0.06229508196721312
1000037,1000012,25,0.08196721311475409
1000037,1000038,18,0.05901639344262295
1000037,1000036,19,0.06229508196721312
1000037,1000016,15,0.04918032786885246
1000037,1000026,16,0.05245901639344262
1000037,1000020,15,0.04918032786885246
1000037,1000025,13,0.04262295081967213
1000037,1000039,15,0.04918032786885246
1000037,1000032,19,0.06229508196721312
1000037,1000023,21,0.06885245901639345
1000037,1000035,10,0.03278688524590164
1000037,1000034,16,0.05245901639344262
1000037,1000022,15,0.04918032786885246
1000037,1000033,19,0.06229508196721312
1000037,1000021,15,0.04918032786885246
1000037,1000029,14,0.04590163934426229
1000037,1000019,11,0.036065573770491806
1000037,1000013,15,0.04918032786885246
1000037,1000027,19,0.06229508196721312
1000037,1000031,25,0.08196721311475409
1000037,1000030,9,0.029508196721311476
1000037,1000014,19,0.06229508196721312
1000037,1000015,13,0.04262295081967213
1000037,1000024,16,0.05245901639344262
1000037,1000018,23,0.07540983606557378
1000037,1000037,305,1.0
1000037,1000011,15,0.04918032786885246
1000037,1000017,13,0.04262295081967213
1000037,1000028,15,0.04918032786885246
1000011,1000008,50,0.16611295681063123
1000011,1000001,51,0.16943521594684385
1000011,1000009,43,0.14285714285714285
1000011,1000004,57,0.1893687707641196
1000011,1000006,52,0.17275747508305647
1000011,1000003,44,0.1461794019933555
1000011,1000007,49,0.16279069767441862
1000011,1000000,39,0.12956810631229235
1000011,1000005,40,0.132890365448505
1000011,1000002,42,0.13953488372093023
1000011,1000010,20,0.0664451827242525
1000011,1000012,19,0.06312292358803986
1000011,1000038,18,0.059800664451827246
1000011,1000036,20,0.0664451827242525
1000011,1000016,17,0.05647840531561462
1000011,1000026,19,0.06312292358803986
1000011,1000020,15,0.04983388704318937
1000011,1000025,15,0.04983388704318937
1000011,1000039,12,0.03986710963455149
1000011,1000032,16,0.053156146179401995
1000011,1000023,10,0.03322259136212625
1000011,1000035,23,0.07641196013289037
1000011,1000034,19,0.06312292358803986
1000011,1000022,21,0.06976744186046512
1000011,1000033,22,0.07308970099667775
1000011,1000021,15,0.04983388704318937
1000011,1000029,14,0.046511627906976744
1000011,1000019,14,0.046511627906976744
1000011,1000013,14,0.046511627906976744
1000011,1000027,17,0.05647840531561462
1000011,1000031,16,0.053156146179401995
1000011,1000030,12,0.03986710963455149
1000011,1000014,22,0.07308970099667775
1000011,1000015,17,0.05647840531561462
1000011,1000024,14,0.046511627906976744
1000011,1000018,14,0.046511627906976744
1000011,1000037,15,0.04983388704318937
1000011,1000011,301,1.0
1000011,1000017,18,0.059800664451827246
1000011,1000028,19,0.06312292358803986
1000017,1000008,59,0.19798657718120805
1000017,1000001,44,0.1476510067114094
1000017,1000009,48,0.1610738255033557
1000017,1000004,44,0.1476510067114094
1000017,1000006,49,0.1644295302013423
1000017,1000003,45,0.15100671140939598
1000017,1000007,54,0.18120805369127516
1000017,1000000,44,0.1476510067114094
1000017,1000005,41,0.13758389261744966
1000017,1000002,50,0.16778523489932887
1000017,1000010,19,0.06375838926174497
1000017,1000012,14,0.04697986577181208
1000017,1000038,17,0.05704697986577181
1000017,1000036,16,0.053691275167785234
1000017,1000016,18,0.06040268456375839
1000017,1000026,26,0.087248322147651
1000017,1000020,16,0.053691275167785234
1000017,1000025,14,0.04697986577181208
1000017,1000039,9,0.030201342281879196
1000017,1000032,15,0.050335570469798654
1000017,1000023,14,0.04697986577181208
1000017,1000035,17,0.05704697986577181
1000017,1000034,15,0.050335570469798654
1000017,1000022,20,0.06711409395973154
1000017,1000033,18,0.06040268456375839
1000017,1000021,17,0.05704697986577181
1000017,1000029,17,0.05704697986577181
1000017,1000019,20,0.06711409395973154
1000017,1000013,14,0.04697986577181208
1000017,1000027,21,0.07046979865771812
1000017,1000031,16,0.053691275167785234
1000017,1000030,22,0.0738255033557047
1000017,1000014,9,0.030201342281879196
1000017,1000015,9,0.030201342281879196
1000017,1000024,15,0.050335570469798654
1000017,1000018,15,0.050335570469798654
1000017,1000037,13,0.0436241610738255
1000017,1000011,18,0.06040268456375839
1000017,1000017,298,1.0
1000017,1000028,12,0.040268456375838924
1000028,1000008,44,0.15017064846416384
1000028,1000001,42,0.14334470989761092
1000028,1000009,57,0.1945392491467577
1000028,1000004,50,0.17064846416382254
1000028,1000006,41,0.13993174061433447
1000028,1000003,51,0.17406143344709898
1000028,1000007,46,0.15699658703071673
1000028,1000000,42,0.14334470989761092
1000028,1000005,41,0.13993174061433447
1000028,1000002,52,0.17747440273037543
1000028,1000010,16,0.05460750853242321
1000028,1000012,21,0.07167235494880546
1000028,1000038,21,0.07167235494880546
1000028,1000036,26,0.08873720136518772
1000028,1000016,12,0.040955631399317405
1000028,1000026,20,0.06825938566552901
1000028,1000020,15,0.051194539249146756
1000028,1000025,19,0.06484641638225255
1000028,1000039,12,0.040955631399317405
1000028,1000032,11,0.03754266211604096
1000028,1000023,20,0.06825938566552901
1000028,1000035,17,0.05802047781569966
1000028,1000034,17,0.05802047781569966
1000028,1000022,13,0.04436860068259386
1000028,1000033,15,0.051194539249146756
1000028,1000021,19,0.06484641638225255
1000028,1000029,21,0.07167235494880546
1000028,1000019,14,0.04778156996587031
1000028,1000013,11,0.03754266211604096
1000028,1000027,23,0.07849829351535836
1000028,1000031,16,0.05460750853242321
1000028,1000030,11,0.03754266211604096
1000028,1000014,11,0.03754266211604096
1000028,1000015,18,0.06143344709897611
1000028,1000024,13,0.04436860068259386
1000028,1000018,16,0.05460750853242321
1000028,1000037,15,0.051194539249146756
1000028,1000011,19,0.06484641638225255
1000028,1000017,12,0.040955631399317405
1000028,1000028,293,1.0
