nsegment,communication,comm_sort_order,n_treated,n_control,treated_mean_bal,treated_ci_bal,treated_mean_acct,treated_ci_acct,control_mean_bal,control_mean_acct,lift_bal,lift_ci_bal,lift_acct,lift_ci_acct,lift_bal_significant,lift_acct_significant,avg_start_balance,avg_start_accounts,projected_bal_increase,projected_acct_increase
1000000,day1,0,842,472,0.27216371529954203,0.007251905997914667,0.21150442477876105,0.016156468573808962,0.03401456078375254,0.033697632058287796,0.2381491545157895,0.010653032440704924,0.17780679272047326,0.0220478269325951,1,1,3067.7750118764848,0.9536817102137767,615155.1173220088,142.77885455454003
1000001,day1,0,893,530,0.28533465951577014,0.007008318809526882,0.21624472573839662,0.015747375699596944,0.035275431428836906,0.04390243902439024,0.25005922808693326,0.010572002525812408,0.17234228671400637,0.02225632010189829,1,1,2994.3243001119818,0.9809630459126539,668641.2718532583,150.97184316146956
1000002,day1,0,819,483,0.26609154602434065,0.007179792802176991,0.20481927710843373,0.01577047463785308,0.02998495609270813,0.06060606060606061,0.23610658993163253,0.010205454398966047,0.14421321650237312,0.024547576769374628,1,1,3040.4152380952382,1.0146520146520146,587929.0384772854,119.84118291347207
1000003,day1,0,857,514,0.2942527118671325,0.006762701083746769,0.21215351812366737,0.015733753606958476,0.03251446685442478,0.03896103896103896,0.2617382450127077,0.009920939105186296,0.17319247916262842,0.021709419680253986,1,1,2989.7534655775958,1.0128354725787632,670630.6311115063,150.33107191316148
1000004,day1,0,880,539,0.2642176947642635,0.006962994435713239,0.20939625850340135,0.015718301589048172,0.03537660516812805,0.03453689167974882,0.22884108959613544,0.010356418968130702,0.17485936682365252,0.02095207350805156,1,1,3008.035068181818,0.9795454545454545,605758.5798405793,150.72877420198847
1000005,day1,0,825,496,0.2804693210398138,0.006929413338880567,0.22852692478860703,0.016597581323203246,0.02865879236161455,0.0436241610738255,0.25181052867819925,0.010184611407906151,0.18490276371478154,0.022754520626634373,1,1,3045.0499393939394,0.9866666666666667,632589.8989495029,150.51084966383218
1000006,day1,0,863,518,0.25897438285282903,0.0069265055589907715,0.22269084774356812,0.015945584369468847,0.03586558315167527,0.03943217665615142,0.22310879970115377,0.010564499722552075,0.1832586710874167,0.021784441763988742,1,1,3042.5748551564307,0.9768250289687138,585826.1682557868,154.48705972669228
1000007,day1,0,844,497,0.26742222953078887,0.006971195463714096,0.21617519514310493,0.015938424211353462,0.03580730254348,0.04583333333333333,0.23161492698730887,0.01045874632785601,0.1703418618097716,0.022945361972517064,1,1,3022.652511848341,0.995260663507109,590877.1760687568,143.08716392020813
1000008,day1,0,900,526,0.25836738353447486,0.00676209842147998,0.21684296175752643,0.015596759890866039,0.03542482846735904,0.05088852988691438,0.22294255506711583,0.010601494051581532,0.16595443187061204,0.02293293566972589,1,1,2979.2020666666667,0.9888888888888889,597771.8287235087,147.6994443648447
1000009,day1,0,876,506,0.2481105367466956,0.006841045041080245,0.21888053467000834,0.01571547093008762,0.03309968050702818,0.0467741935483871,0.2150108562396674,0.010583013936892847,0.17210634112162124,0.022774553177494945,1,1,3055.4186187214614,1.0136986301369864,575486.5998825647,152.83043091599967
1000010,day1,0,344,219,0.24872708905709554,0.01090506700860445,0.19203629032258066,0.023151992089712175,0.029761269496776505,0.03373015873015873,0.21896581956031902,0.01564474341565351,0.15830613159242193,0.030472312568796598,1,1,3117.4825,1.061046511627907,234822.00603864357,57.78173803123401
1000011,day1,0,292,177,0.2427925988652566,0.011193838455213595,0.23737373737373738,0.02865186740893763,0.01993331312796225,0.036057692307692304,0.22285928573729433,0.01588217445211927,0.20131604506604506,0.03680280499259928,1,1,3143.0915753424656,0.9726027397260274,204536.4058984169,57.1737567987568
1000012,day1,0,333,197,0.25605031382082205,0.011388123245417797,0.22933182332955832,0.026307901827286935,0.04150974415439162,0.04081632653061224,0.21454056966643043,0.017837643845020627,0.18851549679894608,0.035273741594777704,1,1,3011.214894894895,0.963963963963964,215127.24372661748,60.513474472461695
1000013,day1,0,297,184,0.24215758670752213,0.01179482624103233,0.2292857142857143,0.029779053809341986,0.03692126817828023,0.07729468599033816,0.2052363185292419,0.01620511057362225,0.15199102829537614,0.045625386172053785,1,1,3041.7544781144784,0.936026936026936,185410.71181454117,42.253505866114565
1000014,day1,0,295,178,0.238633588723559,0.011937313364457672,0.2135483870967742,0.027362537884587073,0.03413849529295007,0.06060606060606061,0.20449509343060893,0.016297702383469326,0.1529423264907136,0.04254041032756128,1,1,3073.605457627119,0.9898305084745763,185418.48439175473,44.65915933528837
1000015,day1,0,288,172,0.25412442713284406,0.012290116433907376,0.21375,0.027458123708148104,0.03491692247929592,0.03398058252427184,0.21920750465354813,0.01882715931363801,0.17976941747572817,0.03575082450310544,1,1,3039.28,0.9791666666666666,191875.0996061095,50.69497572815534
1000016,day1,0,324,203,0.24097229845801635,0.011756832091150244,0.21236230110159118,0.02677436176974812,0.03435897546272355,0.032520325203252036,0.2066133229952928,0.01709868663755257,0.17984197589833914,0.03432684819118082,1,1,2942.131388888889,0.9382716049382716,196954.267914857,54.6719606730951
1000017,day1,0,285,156,0.24840205711072103,0.011939115455818812,0.22304832713754646,0.02774658051329714,0.04094630293322653,0.05202312138728324,0.2074557541774945,0.01954505437256936,0.17102520575026323,0.04325917073454447,1,1,3086.601964912281,0.9789473684210527,182495.0014658349,47.71603240432344
1000018,day1,0,288,174,0.24925424793602896,0.011611091790488541,0.20079635949943117,0.025173562728387527,0.04175990277810459,0.04611650485436893,0.20749434515792436,0.018785951100475123,0.15467985464506223,0.037280407261449114,1,1,2915.6027777777776,1.0416666666666667,174231.67366530007,46.40395639351867
1000019,day1,0,309,184,0.24534949783839233,0.011370898745444323,0.21368038740920098,0.026655409905488908,0.02948165947350681,0.028169014084507043,0.21586783836488552,0.01734179596961477,0.18551137332469395,0.03473580247565687,1,1,2986.7908090614887,0.9773462783171522,199228.39136046523,56.02443474405757
1000020,day1,0,315,183,0.23858020904310312,0.011435100068195665,0.21420118343195266,0.026281528115871616,0.03479571209671759,0.04976303317535545,0.20378449694638553,0.017051379995790785,0.1644381502565972,0.038609919809871086,1,1,3090.35126984127,0.9904761904761905,198376.1888573515,51.30470288005832
1000021,day1,0,310,189,0.22932885063271738,0.010490721064320488,0.217439293598234,0.02562634305761909,0.024817461289338063,0.03879310344827586,0.2045113893433793,0.014166614422962477,0.17864619014995814,0.03471514308747903,1,1,3140.0114516129033,1.0290322580645161,199072.1124022776,56.988134657836646
1000022,day1,0,313,192,0.23069990791508826,0.011371438368833116,0.2177230046948357,0.026780611479926702,0.02746580874913149,0.043668122270742356,0.20323409916595678,0.017450847437252406,0.17405488242409334,0.03670509604612311,1,1,3084.050095846645,0.9808306709265175,196183.43676277966,53.434848904196656
1000023,day1,0,305,194,0.24148137968746008,0.011092984991028053,0.23222477064220184,0.026773872662112008,0.04188695836272457,0.04233870967741935,0.1995944213247355,0.018339569372555844,0.1898860609647825,0.036061343702595214,1,1,3037.141344262295,0.9967213114754099,184889.92307228595,57.72536253329388
1000024,day1,0,287,169,0.24100728015556613,0.011473455846193342,0.21949685534591196,0.027795522553295142,0.05008659248481944,0.01891891891891892,0.19092068767074669,0.019131586733671598,0.20057793642699304,0.03364369882629049,1,1,3017.4734494773516,0.9790940766550522,165340.15642269916,56.36240013598504
1000025,day1,0,314,190,0.23885788556446969,0.010952791824920764,0.21531966224366708,0.026535703663188394,0.030133226892155925,0.028384279475982533,0.20872465867231377,0.01616826793815684,0.18693538276768454,0.033917911979784686,1,1,3180.061210191083,0.9968152866242038,208419.75786541842,58.51077480628526
1000026,day1,0,317,190,0.24922328093340762,0.011880653588302361,0.1963470319634703,0.024851650589440968,0.04718031254589882,0.06009615384615385,0.2020429683875088,0.019664992475698095,0.13625087811731645,0.04054091357505696,1,1,2956.424258675079,1.0094637223974763,189351.94037227033,43.60028099754126
1000027,day1,0,302,191,0.2591592272926906,0.01197817840377877,0.20446096654275092,0.02592113992254219,0.037095751591639026,0.03990610328638498,0.22206347570105156,0.017013625647406046,0.16455486325636595,0.03667299365786842,1,1,2905.111490066225,1.0231788079470199,194825.98474451638,50.84745274621708
1000028,day1,0,283,165,0.254425618297606,0.012626343848543777,0.21464646464646464,0.027520509964300725,0.031865410683320154,0.04081632653061224,0.22256020761428585,0.018567368601646646,0.1738301381158524,0.03909808844403044,1,1,2985.3769964664307,1.0035335689045937,188032.59313175638,49.36775922490208
1000029,day1,0,308,168,0.23162876712153604,0.01087523131789789,0.24939024390243902,0.02842503144744928,0.03218952549605576,0.04020100502512563,0.19943924162548027,0.01651336386018712,0.2091892388773134,0.039453860595883176,1,1,3089.1193506493505,0.935064935064935,189756.21913990358,60.246500796666254
1000030,day1,0,301,169,0.24432842506335242,0.011455074724221402,0.22626025791324736,0.02654780267744693,0.030874971914808466,0.02968036529680365,0.21345345314854397,0.017362608918641737,0.1965798926164437,0.03394025236461684,1,1,3176.720631229236,1.0099667774086378,204102.67851565493,59.76028735539889
1000031,day1,0,301,177,0.23733095967245554,0.012014027985082583,0.23067010309278352,0.02816778715997327,0.032808079415936484,0.03255813953488372,0.20452288025651905,0.01773743169642704,0.19811196355789978,0.03686271031664098,1,1,3073.0445847176084,1.0232558139534884,189180.88681656626,61.01848477583313
1000032,day1,0,304,183,0.24663927241148295,0.011586834712100608,0.21540312876052947,0.026902503116690665,0.02035271045185894,0.03418803418803419,0.22628656195962402,0.015342461815324466,0.1812150945724953,0.03511297332998649,1,1,2949.293848684211,0.9967105263157895,202885.21182913496,54.90817365546607
1000033,day1,0,307,189,0.24417876725165338,0.011268854724085042,0.20214030915576695,0.025929322080022913,0.025186027466012527,0.041474654377880185,0.21899273978564085,0.015886783772435218,0.16066565477788675,0.036019600792403794,1,1,3044.585635179153,0.9804560260586319,204689.83997628573,48.36036208814391
1000034,day1,0,305,191,0.2728370605569617,0.012440185958234271,0.20048019207683074,0.02584646318749695,0.032979397002331406,0.03153153153153153,0.2398576635546303,0.019189083227717976,0.16894866054529922,0.03405455971617456,1,1,2902.9125573770493,1.0098360655737706,212367.176172336,52.03618744795217
1000035,day1,0,307,169,0.2501536394839594,0.01209486910428059,0.21469907407407407,0.026414386814543663,0.01896889458100131,0.03917050691244239,0.2311847449029581,0.015209037277223758,0.17552856716163168,0.036695999602748455,1,1,3115.6854397394136,1.0358306188925082,221131.77568029324,55.818084357398874
1000036,day1,0,330,197,0.24897488691337488,0.011535951589189786,0.22258064516129034,0.02564653590085197,0.03640761450835294,0.05405405405405406,0.21256727240502193,0.01786624794482586,0.16852659110723628,0.038825451136184644,1,1,3006.1725454545453,0.9848484848484849,210874.5864608244,54.77114210985179
1000037,day1,0,290,185,0.22889206284712343,0.01126145860335533,0.21739130434782608,0.02723388320937452,0.058842043741441113,0.04888888888888889,0.17005001910568232,0.019909954533081496,0.16850241545893718,0.0387430911352106,1,1,3315.6124137931038,0.9793103448275862,163507.7867506409,47.85468599033816
1000038,day1,0,330,185,0.24708988883931587,0.011535631688081053,0.19945652173913042,0.024271141792162367,0.03444042651520247,0.03424657534246575,0.21264946232411341,0.01783246972919479,0.16520994639666467,0.03393815033973209,1,1,2963.9859090909094,1.0363636363636364,207995.70326846204,56.501801667659315
1000039,day1,0,310,193,0.244630277865494,0.011246027689428792,0.1943181818181818,0.0248431251298472,0.03041512954293984,0.021739130434782608,0.21421514832255414,0.016079879923011346,0.17257905138339918,0.031207990865684095,1,1,2986.887258064516,0.9967741935483871,198349.3140728016,53.32692687747035
1000000,day5,1,484,355,0.11273873354560301,0.01123043834093413,0.24508050089445438,0.034281657489118496,0.024949623392409897,0.03462603878116344,0.08778911015319311,0.01510060244775333,0.21045446211329094,0.03866505210059642,1,1,3160.1531198347107,0.9710743801652892,134274.6826836531,98.91359719324674
1000001,day5,1,521,405,0.12049938423534656,0.011378540466344867,0.23633156966490299,0.033064867534603797,0.038999263894389805,0.0475609756097561,0.08150012034095676,0.016208700737225898,0.1887705940551469,0.03860216263069905,1,1,3028.412399232245,0.980806142034549,128591.12296430572,96.46177356218007
1000002,day5,1,450,327,0.1178949778631272,0.011889551446336312,0.21804511278195488,0.03394001638430624,0.029344099210323653,0.05823863636363636,0.08855087865280356,0.015463912063187361,0.15980647641831852,0.041204325560115565,1,1,3030.1423333333328,1.0266666666666666,120744.79472687535,73.83059210526315
1000003,day5,1,484,395,0.11037088231595327,0.010074921926174648,0.19076655052264807,0.030921567638808278,0.03520723885955454,0.05184331797235023,0.07516364345639873,0.014067153272514801,0.13892323255029784,0.036830422650732636,1,1,3089.0971280991735,1.0144628099173554,112378.89284709767,68.21130718219624
1000004,day5,1,520,381,0.09733251098828517,0.010453316223520082,0.22615131578947367,0.032045548740304845,0.035159620557792974,0.02441860465116279,0.0621728904304922,0.013969869146709033,0.20173271113831087,0.03499460160316749,1,1,3016.7030192307693,0.9826923076923076,97529.71606350421,103.08541539167686
1000005,day5,1,469,345,0.1095913856472283,0.011596941795365644,0.24125874125874125,0.03355136950255678,0.042948451263350534,0.04735376044568245,0.06664293438387776,0.016507016677888675,0.1939049808130588,0.03955927680421451,1,1,3082.528976545842,1.004264392324094,96346.09609424247,91.32924596295071
1000006,day5,1,490,377,0.09504982991348865,0.010417701987457938,0.19795221843003413,0.031050838275315417,0.03867278217367015,0.03884711779448621,0.0563770477398185,0.014395560137644703,0.15910510063554792,0.03580804932547595,1,1,3181.4119183673465,0.9673469387755103,87885.71968489348,75.41581770124971
1000007,day5,1,475,361,0.10723877886391435,0.011112190292676963,0.24003795066413663,0.03479980673632482,0.033113542235762114,0.04878048780487805,0.07412523662815224,0.01474198672579171,0.1912574628592586,0.04001296375468066,1,1,3035.8604421052632,0.9936842105263158,106891.08997952225,90.27352246957005
1000008,day5,1,524,406,0.0981136266180327,0.010715093016550417,0.2305194805194805,0.03204501553902454,0.04346677180640829,0.0423728813559322,0.054646854811624415,0.015477670216214406,0.1881465991635483,0.036955761281509236,1,1,3054.0004389312976,0.9561068702290076,87451.15573639992,94.26144618093771
1000009,day5,1,518,382,0.08722752196689,0.010067621203398209,0.2039151712887439,0.02976355440944315,0.046261873007725315,0.037037037037037035,0.040965648959164686,0.01501562796412178,0.16687813425170686,0.03449331955524672,1,1,3036.060386100386,1.0405405405405406,64425.82730983187,89.94731436167
1000010,day5,1,202,142,0.10628199238439602,0.018730249717796313,0.20355731225296442,0.04706775101242921,0.04188741961560846,0.0136986301369863,0.06439457276878756,0.025735910689304003,0.18985868211597812,0.050728002448009596,1,1,2855.9327227722774,1.0346534653465347,37149.12664294284,39.68046456223943
1000011,day5,1,170,119,0.09155136320323343,0.017486170678866896,0.19736842105263158,0.05458215885480205,0.024954129600633257,0.05944055944055944,0.06659723360260017,0.02153516879293808,0.13792786161207216,0.06666638708972857,1,1,3177.6034705882357,0.8764705882352941,35975.332106623624,20.55125138019875
1000012,day5,1,186,156,0.07685119665243229,0.014295418922871925,0.20243902439024392,0.052363341557078114,0.03608333899308106,0.049723756906077346,0.040767857659351224,0.020266196333636913,0.15271526748416658,0.06075698292066477,1,1,3075.38752688172,0.9086021505376344,23320.114735446015,25.808880204824153
1000013,day5,1,181,133,0.08166808518194561,0.016524464949850336,0.23138297872340424,0.058375163033578065,0.04360161617787741,0.015873015873015872,0.0380664690040682,0.023700913215693915,0.21550996285038837,0.06235173350872049,1,1,3020.593535911602,0.9281767955801105,20811.982767768866,36.205673758865245
1000014,day5,1,165,116,0.07968809693642423,0.01724822427435295,0.20789473684210527,0.05427699704221287,0.046365839967610685,0.032520325203252036,0.033322256968813545,0.02891910784612098,0.17537441163885323,0.06274319166223018,1,1,3104.1259393939395,1.0,17067.01956564736,28.936777920410783
1000015,day5,1,148,117,0.09204978375576946,0.019071859923838398,0.19101123595505617,0.05521768984515937,0.03753131096692901,0.045081967213114756,0.05451847278884045,0.025494597772805747,0.14592926874194143,0.06595987601465736,1,1,3217.4895945945946,0.9391891891891891,25961.06759886984,20.284168355129857
1000016,day5,1,178,152,0.0973762231348597,0.01862167905492601,0.1697674418604651,0.048397551523653895,0.050245379135461087,0.04093567251461988,0.04713084399939862,0.026060652136078263,0.12883176934584523,0.05682873686925183,1,1,2734.518033707865,0.9662921348314607,22940.66542912052,22.15906432748538
1000017,day5,1,168,124,0.0761071070460555,0.01632639822031426,0.24479166666666666,0.05834392628514051,0.043669103118186385,0.05944055944055944,0.032438003927869115,0.02491859032981085,0.1853511072261072,0.06977971651355853,1,1,3273.835654761904,1.0178571428571428,17841.044563165255,31.695039335664333
1000018,day5,1,170,129,0.11126423568778682,0.019033728222815096,0.2431818181818182,0.054855769774611596,0.0471058770112209,0.02702702702702703,0.06415835867656591,0.027662131638950205,0.21615479115479116,0.05932786737836631,1,1,2844.7438235294117,1.0176470588235293,31027.396077400736,37.39477886977887
1000019,day5,1,174,148,0.09592155006049402,0.016922974669806325,0.21153846153846154,0.0519023934470337,0.0409745891044182,0.04487179487179487,0.05494696095607582,0.02570800876550745,0.16666666666666666,0.060635332440965896,1,1,3063.574827586207,1.0229885057471264,29290.13800010691,29.666666666666664
1000020,day5,1,181,140,0.07665186022491945,0.014363793475841994,0.21330275229357798,0.05202653215326105,0.02773015824264842,0.04220779220779221,0.048921701982271026,0.019303181871147324,0.17109496008578579,0.059996015625402396,1,1,3080.189337016575,1.011049723756906,27274.546967803384,31.310377695698797
1000021,day5,1,176,146,0.08889339247370451,0.016134203297363012,0.20935960591133004,0.05376201708777188,0.038008641767663644,0.058823529411764705,0.050884750706040864,0.021938377976436742,0.15053607649956535,0.06486135871300606,1,1,3055.003977272727,0.9545454545454546,27359.748378949545,25.29006085192698
1000022,day5,1,182,138,0.09525464667195198,0.018607444936155956,0.2199074074074074,0.05209259626693207,0.04079054293293312,0.04,0.05446410373901886,0.025531572173234054,0.1799074074074074,0.060857937187481885,1,1,3037.8253846153843,0.945054945054945,30112.343513746524,30.944074074074074
1000023,day5,1,172,135,0.08776778938198192,0.018385101663520375,0.16326530612244897,0.05040350008196673,0.04697422835278655,0.04697986577181208,0.04079356102919537,0.027587711447285296,0.11628544035063688,0.06012957008191767,1,1,3157.185639534883,0.9709302325581395,22152.36935150086,19.41966853855636
1000024,day5,1,183,130,0.09633800510094065,0.01638520536396294,0.18036529680365296,0.04841088138716161,0.03207609984427197,0.05172413793103448,0.06426190525666868,0.025752931233578146,0.12864115887261848,0.0600510529510441,1,1,2950.859016393443,0.9617486338797814,34701.89152431894,22.640843961580853
1000025,day5,1,195,132,0.09711888225359977,0.01657220859061567,0.20454545454545456,0.051136323509047496,0.026881919625782853,0.046762589928057555,0.07023696262781692,0.0209164653853124,0.157782864617397,0.06169071334455751,1,1,2972.6849743589746,0.9384615384615385,40714.51087242322,28.874264224983648
1000026,day5,1,192,138,0.11267806552231935,0.02016481400507475,0.23076923076923078,0.05162519639135497,0.0431959073683533,0.03289473684210526,0.06948215815396605,0.027318980076810374,0.19787449392712553,0.05823075922233436,1,1,2904.001927083333,1.0416666666666667,38741.05366598906,39.574898785425106
1000027,day5,1,184,125,0.1027010787705734,0.019653243882562167,0.2048780487804878,0.05107235995532362,0.04534203803660296,0.029197080291970802,0.05735904073397044,0.02740388500561561,0.175680968488517,0.057497359802734765,1,1,2847.766086956522,1.0108695652173914,30055.50410079081,32.676660138864165
1000028,day5,1,148,118,0.11129600952475469,0.0221465918931416,0.21808510638297873,0.056349883055805204,0.04578484674767345,0.025179856115107913,0.06551116277708124,0.029601269360603664,0.1929052502678708,0.06171337427675168,1,1,2996.7264864864865,1.0472972972972974,29055.217424881834,29.900313791519974
1000029,day5,1,174,120,0.07254879810076022,0.014121024079353355,0.19095477386934673,0.05200909219988961,0.034830756273530154,0.06147540983606557,0.03771804182723006,0.022865613635300132,0.12947936403328114,0.06589044830842467,1,1,3140.7277011494252,0.9597701149425287,20612.40519118158,21.62305379355795
1000030,day5,1,171,125,0.07803755974811805,0.01600538269666467,0.2116279069767442,0.051787388561572445,0.029519765604106775,0.034722222222222224,0.04851779414401127,0.02194476499607376,0.17690568475452195,0.05985260666708562,1,1,3259.92865497076,1.0292397660818713,27046.137606431963,31.135400516795862
1000031,day5,1,168,137,0.08600421231690251,0.016017956642035123,0.19950738916256158,0.05091392291092008,0.035298481511720124,0.02666666666666667,0.05070573080518239,0.0236810071588751,0.1728407224958949,0.056351451883035086,1,1,3191.647678571429,1.0476190476190477,27188.251106457534,30.419967159277505
1000032,day5,1,175,139,0.08311178046425055,0.016602684267768644,0.16435185185185186,0.04674546235592607,0.04573218024132247,0.03642384105960265,0.03737960022292808,0.0251916080513976,0.12792801079224922,0.0543764124494268,1,1,2909.117885714286,1.022857142857143,19029.79112463971,22.89911393181261
1000033,day5,1,192,136,0.09404756219343924,0.01724951011691536,0.17824074074074073,0.04845909621984295,0.03954334792709285,0.0425531914893617,0.054504214266346385,0.0228509031780554,0.13568754925137902,0.05719830426129206,1,1,3028.7016666666673,0.9583333333333334,31694.784881057363,24.96650906225374
1000034,day5,1,174,147,0.10612260177368377,0.019508833262774364,0.18544600938967137,0.05003290376018738,0.04668117631691192,0.04777070063694268,0.05944142545677185,0.026997559917574392,0.1376753087527287,0.05921013830141006,1,1,2932.6180459770117,0.9885057471264368,30331.505473324003,23.680153105469337
1000035,day5,1,160,142,0.08220424874990534,0.01818439471106162,0.235,0.056825733784092065,0.029447532107202284,0.048484848484848485,0.05275671664270305,0.0245168834102704,0.1865151515151515,0.06510640084211086,1,1,3153.4023125,1.04375,26618.104361761125,31.1480303030303
1000036,day5,1,187,126,0.07870272866955501,0.016123834204335597,0.20135746606334842,0.049721995449696264,0.04407445747860622,0.019083969465648856,0.03462827119094879,0.026042971634148503,0.18227349659769956,0.05448913546386072,1,1,2977.0478074866305,0.9946524064171123,19277.833520474444,33.90287036717212
1000037,day5,1,165,116,0.08567276834139624,0.018715689471386226,0.22598870056497175,0.05871988522020691,0.04823213230668484,0.036585365853658534,0.0374406360347114,0.025150615882779732,0.1894033347113132,0.06703652737676377,1,1,3222.0092727272727,0.9696969696969697,19904.622619306756,30.304533553810113
1000038,day5,1,178,148,0.0953915023396826,0.01923824757432943,0.22572815533980584,0.05458525223004335,0.041300861778154827,0.03571428571428571,0.05409064056152778,0.026763767054434732,0.19001386962552014,0.06085476362641985,1,1,2973.9939325842697,1.0056179775280898,28634.01215744528,34.0124826629681
1000039,day5,1,171,138,0.08021484789285754,0.016513792250567268,0.22704081632653061,0.055046600304907156,0.027937849128525195,0.02702702702702703,0.05227699876433235,0.02378863661018065,0.20001378929950359,0.06024165389094428,1,1,3049.586900584796,1.0,27261.375858344833,34.20235797021511
1000000,day7,2,660,432,0.15664407524414767,0.009746571791806345,0.24301964839710444,0.026040656808814802,0.034475515549382586,0.04418103448275862,0.12216855969476509,0.013519807447192408,0.19883861391434582,0.031719807284208326,1,1,3092.596818181818,0.9484848484848485,249359.94533596476,124.47297231038048
1000001,day7,2,694,480,0.15941136593374475,0.010042192739435947,0.22233502538071065,0.024730649014613096,0.03889090294844066,0.052083333333333336,0.12052046298530408,0.013304306212662102,0.1702516920473773,0.030890744141015374,1,1,3004.9256772334293,0.9726224783861671,251335.5934964813,114.91989213197968
1000002,day7,2,633,448,0.16163475520604798,0.01013498889119415,0.2227668845315904,0.025652158628994726,0.04579594952405047,0.055133079847908745,0.1158388056819975,0.01379426934741415,0.16763380468368166,0.031692901180424726,1,1,3001.5515165876777,0.9936808846761453,220091.6584395616,105.44166314603576
1000003,day7,2,679,459,0.16992540465580794,0.009436695980279042,0.21114369501466276,0.02385660549108831,0.032478147492617855,0.05467196819085487,0.1374472571631901,0.012362606818774295,0.1564717268238079,0.030377751305118893,1,1,2947.50441826215,0.9955817378497791,275080.82408346486,105.77488733289414
1000004,day7,2,683,487,0.14885323397411965,0.009384326207145445,0.2198233562315996,0.024361671036784723,0.03660492774905979,0.04972875226039783,0.11224830622505985,0.012720935850801515,0.17009460397120177,0.029795229221531702,1,1,2991.5260029282576,0.9765739385065886,229347.11544327662,113.45310084879158
1000005,day7,2,633,410,0.15264283782823507,0.009730226555728819,0.21949891067538127,0.025814140929930732,0.04317244349790434,0.056623931623931624,0.10947039433033073,0.013362858347134427,0.16287497905144965,0.032787651852616936,1,1,3073.704597156398,0.9620853080568721,212991.6211754836,99.19086224233284
1000006,day7,2,675,469,0.13563738968196312,0.00879231428302052,0.2120758483033932,0.024458131673957762,0.03669315363873465,0.037937743190661476,0.09894423604322847,0.011961143873665842,0.17413810511273173,0.02921142991912477,1,1,3063.3089925925924,0.9540740740740741,204590.31842458746,112.14493969259924
1000007,day7,2,672,451,0.14036913516351787,0.008998635355433434,0.220160481444333,0.02436276463400229,0.0366920507291326,0.04911591355599214,0.10367708443438528,0.012504411668767862,0.17104456788834088,0.030404614128577104,1,1,3023.092336309524,0.9627976190476191,210621.86839982774,110.66583542375655
1000008,day7,2,704,486,0.14196601170398673,0.009282617914789983,0.22895467160037003,0.024036623898420297,0.03888320049491275,0.0583804143126177,0.10308281120907398,0.012795939788499121,0.17057425728775233,0.030693456152119544,1,1,2978.5291051136364,0.9772727272727273,216152.74800990536,117.3550890139736
1000009,day7,2,685,468,0.1335764389903384,0.009215030821297484,0.22041420118343194,0.024192017877729996,0.040372115718238864,0.04892367906066536,0.09320432327209952,0.012820716911908015,0.17149052212276658,0.0302263657154266,1,1,2975.652496350365,0.9854014598540146,189980.4188924595,115.75610243286744
1000010,day7,2,258,197,0.1314028708723693,0.015613602080351442,0.21804511278195488,0.03889310023891173,0.04451428780392271,0.03488372093023256,0.08688858306844657,0.02083392294638693,0.1831613918517223,0.04578391226462469,1,1,3069.885930232558,1.0426356589147288,68818.41397419409,49.270414408113304
1000011,day7,2,232,144,0.1301922859652717,0.015191129680426553,0.21529745042492918,0.04184552464097261,0.03895194879751354,0.05654761904761905,0.09124033716775815,0.021566208210620788,0.15874983137731014,0.054259172000539854,1,1,3090.524224137931,0.9827586206896551,65419.4695586288,36.19496155402671
1000012,day7,2,260,174,0.12634203434749688,0.014933534227809393,0.21767810026385223,0.0398737418655105,0.04562875143326751,0.04950495049504951,0.08071328291422938,0.020149070027567547,0.1681731497688027,0.04893485394950469,1,1,2956.602423076923,0.926923076923077,62045.642838062995,40.52972909428145
1000013,day7,2,229,164,0.13237966466679066,0.015144761205342272,0.19085173501577288,0.041405069394034814,0.028780748572112578,0.054285714285714284,0.10359891609467808,0.019523824238433376,0.13656602073005858,0.0518666016741601,1,1,3090.14192139738,0.8864628820960698,73310.99598252824,27.72290220820189
1000014,day7,2,232,164,0.12877828032082653,0.015389536373169425,0.21153846153846154,0.04272496596812169,0.03578424938543321,0.03768844221105527,0.09299403093539332,0.02012606863016022,0.17385001932740626,0.05004719018133966,1,1,2990.8789224137927,0.9439655172413793,64527.06179211167,38.073154232701974
1000015,day7,2,232,154,0.1196352077613041,0.014591404647960602,0.19186046511627908,0.040281593991478556,0.041473207066007024,0.05120481927710843,0.07816200069529708,0.023373651848473884,0.14065564583917065,0.052140869572211285,1,1,3047.74900862069,0.9655172413793104,55266.61315036911,31.506864667974224
1000016,day7,2,251,176,0.13285578451841193,0.015754238737701775,0.21587743732590528,0.04073709927820648,0.03941782197524552,0.06377551020408163,0.09343796254316641,0.022112109575720004,0.15210192712182363,0.05301570619878884,1,1,2976.1876095617527,0.9282868525896414,69800.31550230044,35.439749019384905
1000017,day7,2,225,149,0.12366668186761874,0.014559013519128174,0.228486646884273,0.043356273889399756,0.04540557558934413,0.0377906976744186,0.07826110627827461,0.019868682394229037,0.1906959492098544,0.05097753891238402,1,1,3071.1698666666666,0.9644444444444444,54079.45905011275,41.3810209785384
1000018,day7,2,220,176,0.147598123863736,0.016334794171550714,0.18133333333333335,0.03725437068314306,0.04685210635305843,0.056338028169014086,0.10074601751067758,0.02286173121433678,0.12499530516431925,0.04804918259447391,1,1,2985.054681818182,1.059090909090909,66161.12167385263,29.123906103286387
1000019,day7,2,234,166,0.11772040122506425,0.015066149742267046,0.18970588235294117,0.03979490075908177,0.034322604877207764,0.047752808988764044,0.08339779634785649,0.020722994871854823,0.14195307336417712,0.04917470208933327,1,1,3081.921581196581,0.9871794871794872,60143.959602954936,32.79115994712492
1000020,day7,2,246,170,0.12386537909151246,0.015108134881406157,0.2605633802816901,0.043935915116160594,0.043216825202291705,0.05,0.08064855388922076,0.02151270819261754,0.21056338028169014,0.0535639942423988,1,1,3115.47174796748,0.9796747967479674,61809.539624449826,50.74577464788732
1000021,day7,2,233,165,0.13898369219721757,0.015585502870143582,0.22191011235955055,0.04161372370890482,0.03715745833568538,0.054285714285714284,0.1018262338615322,0.02133882199768526,0.16762439807383628,0.05323182805580179,1,1,3018.4035622317597,0.9785407725321889,71613.17141479628,38.21836276083467
1000022,day7,2,242,177,0.10566914569177929,0.013180506363755005,0.22774869109947643,0.040351039536700106,0.03643399021359553,0.038461538461538464,0.06923515547818376,0.018821572206869894,0.18928715263793797,0.047795077027798984,1,1,3121.4794628099175,0.9669421487603306,52300.100054963725,44.29319371727748
1000023,day7,2,244,172,0.12364252029684734,0.014591989789413022,0.22063037249283668,0.041902995083076613,0.03702082978397735,0.059278350515463915,0.08662169051287,0.02038102468115857,0.16135202197737275,0.05232190223122189,1,1,3058.9648360655733,1.0245901639344261,64653.34009793951,40.338005494343186
1000024,day7,2,228,159,0.1296488408701398,0.016388203505742743,0.21323529411764705,0.041547181672245276,0.0533220189794648,0.035897435897435895,0.07632682189067501,0.023306624111698867,0.17733785822021114,0.04910696591266352,1,1,2977.5581578947367,0.9649122807017544,51817.001670580816,39.01432880844645
1000025,day7,2,241,167,0.12139198258459874,0.014403336009690184,0.21981424148606812,0.04314324377387246,0.03457862695449713,0.06983240223463687,0.08681335563010162,0.01966130174970119,0.14998183925143127,0.05578983229667376,1,1,3111.922531120332,0.9377593360995851,65107.70141038157,33.895895670823464
1000026,day7,2,253,179,0.14817358733775068,0.016736853130315876,0.2134670487106017,0.04088487670971214,0.04346375270957725,0.06060606060606061,0.10470983462817343,0.023596297679568567,0.1528609881045411,0.05227380964613333,1,1,2804.2445454545455,0.9683794466403162,74288.89160071021,37.45094208561257
1000027,day7,2,236,157,0.12378072661209792,0.01514368877536788,0.2196969696969697,0.04302721086591448,0.029995190933533516,0.055232558139534885,0.0937855356785644,0.02060429736064121,0.1644644115574348,0.054089497035373496,1,1,2942.7495338983053,0.9661016949152542,65133.01257146159,37.49788583509513
1000028,day7,2,219,152,0.1402149904012175,0.017624891205430517,0.19344262295081968,0.042980644855446136,0.0443349733143424,0.0480225988700565,0.09588001708687509,0.025467253849346734,0.14542002408076318,0.05305064855354453,1,1,2997.256529680365,0.9863013698630136,62935.56459421079,31.410725201444848
1000029,day7,2,237,166,0.128304025910757,0.014142158867254536,0.20481927710843373,0.042665453647596385,0.03729312245563562,0.05120481927710843,0.09101090345512139,0.02191319310239178,0.1536144578313253,0.054003744316549224,1,1,3041.841054852321,0.8945147679324894,65611.24650885044,32.566265060240966
1000030,day7,2,224,174,0.1254004894305746,0.01582870419270548,0.20501474926253688,0.041754732236917926,0.04163005223302087,0.0392156862745098,0.08377043719755374,0.020953355983788627,0.16579906298802707,0.0481386516463388,1,1,3037.298258928571,1.0,56993.6198831586,37.138990109318065
1000031,day7,2,233,166,0.14524664645055843,0.01659973345205107,0.2134670487106017,0.04146105459492375,0.03860017363357406,0.0575,0.10664647281698436,0.022127850371810722,0.1559670487106017,0.052355256347560025,1,1,3103.557768240343,0.9828326180257511,77119.15297581417,35.71645415472779
1000032,day7,2,228,162,0.1350468855595694,0.01654949616091231,0.2098360655737705,0.04439542118569112,0.046706058939971186,0.045454545454545456,0.08834082661959822,0.0238446943743253,0.16438152011922502,0.053488808135988886,1,1,2910.288903508772,0.9210526315789473,58618.19065582046,34.520119225037256
1000033,day7,2,248,169,0.13950692375998253,0.015870772499886072,0.23590504451038577,0.04319517650582975,0.0359285238065484,0.06944444444444445,0.10357839995343412,0.020353850982420818,0.16646060006594132,0.05624305009710718,1,1,3107.0398387096775,0.9395161290322581,79811.90934111086,38.785319815364325
1000034,day7,2,259,156,0.14515376970347682,0.015932144961254027,0.22141119221411193,0.03815303239865052,0.05502892843886773,0.0650887573964497,0.0901248412646091,0.024903232597940275,0.15632243481766223,0.052075285764576054,1,1,2849.545250965251,1.0193050193050193,66515.03667566706,41.26912279186283
1000035,day7,2,240,172,0.12875598612319683,0.01529686708618755,0.21641791044776118,0.038491694173791766,0.038147633398877674,0.08520179372197309,0.09060835272431916,0.019401823073677316,0.1312161167257881,0.05283527823915267,1,1,3108.583708333333,1.0375,67599.27578825729,32.67281306472124
1000036,day7,2,255,193,0.1387482217990236,0.015851675615886227,0.24074074074074073,0.04205008662986176,0.03874294838828851,0.03935185185185185,0.10000527341073509,0.020699001208949342,0.20138888888888887,0.04922392601780829,1,1,3045.3029803921568,0.9607843137254902,77659.32107902424,49.34027777777777
1000037,day7,2,228,153,0.12090834636754173,0.01603506030953255,0.22468354430379747,0.044602676810767225,0.03032964942862457,0.018404907975460124,0.09057869693891717,0.020936194038681917,0.20627863632833734,0.04842593565337103,1,1,3270.9446052631583,0.9429824561403509,67551.36122373883,44.34990681059253
1000038,day7,2,255,185,0.1417035268118567,0.016005720356587122,0.20320197044334976,0.03774679120569574,0.0440332423474907,0.06403940886699508,0.09767028446436599,0.021259524389622232,0.13916256157635468,0.05017843586446183,1,1,2971.1101960784313,0.996078431372549,73998.24039661944,35.347290640394085
1000039,day7,2,245,165,0.12420669908580244,0.014698917939051051,0.22615803814713897,0.04115752655753171,0.04235372967539573,0.08423913043478261,0.0818529694104067,0.021702797449522693,0.14191890771235638,0.056813608152224415,1,1,2953.7793877551017,0.9673469387755103,59235.02539839701,33.63478112782846
1000000,day31,3,743,522,0.2123058751221821,0.008905986275162555,0.21309090909090908,0.020863325942355824,0.04142890850673713,0.0471841704718417,0.17087696661544496,0.012368312888324105,0.16590673861906738,0.026176051844974,1,1,3059.6460834454915,0.9650067294751009,388457.51995040214,118.95513158987131
1000001,day31,3,825,543,0.2237422931003514,0.008633046081368789,0.20949367088607596,0.01914999570136806,0.03812608630887171,0.035606060606060606,0.1856162067914797,0.012147017821925801,0.17388761028001534,0.023293901288356747,1,1,2968.8678060606067,0.9745454545454545,454632.7340167075,139.80563866513234
1000002,day31,3,751,481,0.20842376575650542,0.008971052593626402,0.2190684133915575,0.020780559301273552,0.03704273332165087,0.05319148936170213,0.17138103243485456,0.012306553376590364,0.16587692402985538,0.027409459381193917,1,1,3002.1922237017307,0.9933422103861518,386403.62095228676,123.74418532627212
1000003,day31,3,786,529,0.22704824952530314,0.008540592261769843,0.19429882044560945,0.01886726488901026,0.036388728033038595,0.04263565891472868,0.19065952149226456,0.011236445171524521,0.15166316153088077,0.024151115738832517,1,1,2971.5929770992366,1.0025445292620865,445318.1211356423,119.51057128633406
1000004,day31,3,796,536,0.2001649510065929,0.008340066858948336,0.2196870925684485,0.019963490490687262,0.0366465038662536,0.03951367781155015,0.1635184471403393,0.011562811750713662,0.18017341475689835,0.024729921502166335,1,1,2995.9855653266327,0.9786432160804021,389959.53020847775,140.3550900956238
1000005,day31,3,750,504,0.21678366891842196,0.008660598344751,0.2025534851621808,0.019900611050559736,0.031712053557022474,0.04583333333333333,0.1850716153613995,0.011730286773981618,0.15672015182884746,0.025543241785505575,1,1,3009.397826666667,0.9826666666666667,417715.5877847137,115.50275189786058
1000006,day31,3,801,543,0.19182033576006824,0.008204626043293278,0.22054088860270443,0.019749429496162887,0.04465546928729404,0.05604719764011799,0.14716486647277421,0.011737459356198708,0.16449369096258643,0.025952127392852204,1,1,3065.9857677902623,0.9762796504369539,361415.51428554836,128.63406633274258
1000007,day31,3,779,527,0.20254430356288095,0.008436458572762677,0.21302931596091204,0.019511167297716507,0.036967615105726034,0.04721362229102167,0.1655766884571549,0.011779352918868183,0.16581569366989038,0.02514910182619081,1,1,2960.0251604621303,0.982028241335045,381796.59661513974,126.84900565746614
1000008,day31,3,827,567,0.2015769352641331,0.008429431595758636,0.21814791796146674,0.019302403517414475,0.03884022089019799,0.03672316384180791,0.1627367143739351,0.011591196634909186,0.18142475411965883,0.023358288442445637,1,1,2988.1705441354293,0.9842805320435308,402157.7415944814,147.67974985340228
1000009,day31,3,799,540,0.18478976646259776,0.00836282648755349,0.23504273504273504,0.02028860346104089,0.033535984688347294,0.03240058910162003,0.15125378177425047,0.011319623229987232,0.20264214594111501,0.024015543095597263,1,1,3011.7240050062574,1.0137672090112642,363972.181688573,164.14013821230319
1000010,day31,3,307,221,0.18993989694466887,0.014078943260881821,0.20434782608695654,0.03084474679295142,0.021227396774815454,0.03090909090909091,0.16871250016985342,0.016616395234748275,0.17343873517786562,0.036859419568772096,1,1,3015.0825732899025,1.0521172638436482,156165.4105815965,56.0207114624506
1000011,day31,3,269,174,0.1901692613119278,0.014654220518162538,0.21649484536082475,0.03532920116137533,0.03809053427608593,0.028645833333333332,0.15207872703584185,0.020052332402532968,0.1878490120274914,0.042209184519943634,1,1,3059.4007434944238,0.9776951672862454,125157.5682814847,49.40429016323024
1000012,day31,3,304,211,0.1938083449269932,0.014320223716857977,0.22006745362563238,0.03182086361499208,0.02868082780846952,0.047244094488188976,0.1651275171185237,0.01852147493431051,0.1728233591374434,0.04118299984185518,1,1,2935.6959539473687,0.9605263157894737,147368.31190262837,50.46442086813347
1000013,day31,3,271,182,0.19824139952804942,0.014816400460585613,0.1662870159453303,0.03295570947852641,0.03751280550211509,0.04891304347826087,0.16072859402593434,0.01844345512665468,0.11737397246706943,0.04478403928216069,1,1,2980.6173062730627,0.933579335793358,129828.08624995867,29.695615034168565
1000014,day31,3,270,170,0.1857226501774074,0.014716728312926844,0.2219959266802444,0.0354721186772716,0.02634822211727998,0.04568527918781726,0.15937442806012744,0.0186922616877562,0.17631064749242714,0.04486983678322519,1,1,2984.9901111111108,0.9518518518518518,128447.39476533678,45.31183640555378
1000015,day31,3,265,175,0.19523098878625922,0.013907347906073071,0.2336283185840708,0.03413642811600226,0.03631288555064558,0.05909090909090909,0.15891810323561364,0.020262072112400102,0.1745374094931617,0.04583365992591236,1,1,3055.9534339622637,0.9886792452830189,128696.27567493542,45.72880128720837
1000016,day31,3,289,210,0.19141404405273146,0.014726286621018048,0.202803738317757,0.03274631582920657,0.03186948605269335,0.05660377358490566,0.1595445580000381,0.018419690097463762,0.14619996473285135,0.042683876491255185,1,1,2846.6477508650523,0.9515570934256056,131254.30842894097,40.204990301534124
1000017,day31,3,256,191,0.17472551806075182,0.013687755461563103,0.1949317738791423,0.03267714702125844,0.0316780840111552,0.06278026905829596,0.14304743404959663,0.019021722759502428,0.1321515048208463,0.0448149014458804,1,1,3165.9480078125,0.97265625,115937.46914611466,32.90572470039073
1000018,day31,3,262,181,0.2064022746496612,0.015379555257005132,0.20158450704225353,0.031685849754879335,0.03230649792574383,0.030434782608695653,0.17409577672391738,0.020139844175869264,0.1711497244335579,0.03824324518789993,1,1,2893.648969465649,1.0648854961832062,131988.28100523714,47.75077311696265
1000019,day31,3,292,191,0.18193662289004783,0.01340679509441489,0.19357798165137616,0.03144842895261599,0.026227078066527004,0.03879310344827586,0.15570954482352084,0.01827589211880021,0.1547848782031003,0.03966455035657187,1,1,3055.2399315068496,0.9794520547945206,138913.16556598034,44.26847516608669
1000020,day31,3,292,193,0.18936122694942523,0.013233665819213853,0.21025641025641026,0.03201271891550562,0.03663426936248375,0.05555555555555555,0.1527269575869415,0.01823961535140534,0.1547008547008547,0.04365322778237551,1,1,3029.425068493151,1.0171232876712328,135101.06319298266,45.94615384615385
1000021,day31,3,290,198,0.17503301488026804,0.013713636121627262,0.2268041237113402,0.032689876812779635,0.024032105699136424,0.048582995951417005,0.15100090918113163,0.017185959866932218,0.17822112775992321,0.04155995487269838,1,1,3121.1935862068963,1.0379310344827586,136677.89008179185,53.64455945573689
1000022,day31,3,291,187,0.18698965178055738,0.014436750655716955,0.2190721649484536,0.0316761113358194,0.032834831967730536,0.03829787234042553,0.15415481981282683,0.018592467846657197,0.18077429260802808,0.040100329234890666,1,1,3141.5707216494848,0.9896907216494846,140927.88614081245,52.062996271112084
1000023,day31,3,293,190,0.17414332936840424,0.013004949831293985,0.23483535528596186,0.033212299925060446,0.0496658517421481,0.025423728813559324,0.12447747762625613,0.019810518381059548,0.20941162647240252,0.038834240244901154,1,1,3115.5423890784987,1.006825938566553,113629.75340284023,61.77642980935876
1000024,day31,3,266,204,0.19283922833843387,0.014582607112476016,0.21124031007751937,0.03421389865804305,0.02761047156732475,0.046370967741935484,0.16522875677110913,0.01915865497632279,0.16486934233558387,0.042559624579000775,1,1,2963.666390977444,0.9586466165413534,130255.65492862907,42.041682295573885
1000025,day31,3,293,179,0.1821276243110245,0.012615943425166105,0.2205128205128205,0.0324341512890564,0.025075790519018183,0.053811659192825115,0.15705183379200632,0.015922787721167724,0.1667011613199954,0.043522986684151485,1,1,3123.994709897611,0.9761092150170648,143754.32569816234,47.676532137518684
1000026,day31,3,294,201,0.1889906853712147,0.013762833730537112,0.21212121212121213,0.03085139286343075,0.0554188659351586,0.03625954198473282,0.1335718194360561,0.021036650598632,0.1758616701364793,0.03698432707919915,1,1,2891.7944897959183,1.0170068027210883,113561.10192253749,52.58263937080731
1000027,day31,3,279,186,0.19583483819507572,0.015461967894387271,0.22284644194756553,0.0335672969766205,0.04434785256815793,0.024553571428571428,0.1514869856269178,0.021515835491268592,0.1982928705189941,0.03849260184253742,1,1,2853.867670250896,1.021505376344086,120618.34319769396,56.51346809791332
1000028,day31,3,254,179,0.1978006900186834,0.015899315126021985,0.2175141242937853,0.03408826072390309,0.030948717981625764,0.037848605577689244,0.16685197203705762,0.01950645469684565,0.17966551871609607,0.040935048133722944,1,1,2867.009488188976,0.9645669291338582,121505.01148613462,44.018052085443536
1000029,day31,3,286,196,0.17811405505317804,0.012805534430607892,0.22486288848263253,0.033517939806314866,0.03480082671067548,0.03418803418803419,0.14331322834250257,0.018186789401533954,0.19067485429459835,0.040839421230911985,1,1,3045.1618181818185,0.9370629370629371,124813.82370284293,51.10086095095236
1000030,day31,3,275,183,0.18060578673349234,0.013905821825706825,0.24196428571428572,0.034047791768764664,0.03664902234302524,0.06858407079646017,0.14395676439046712,0.01892365632072783,0.17338021491782554,0.04723391981186861,1,1,3085.9954545454543,1.0,122168.72815401442,47.679559102402024
1000031,day31,3,280,189,0.1784251744653642,0.013712587540156388,0.20708955223880596,0.032739890652112885,0.019437239926016304,0.033816425120772944,0.1589879345393479,0.016411962872111815,0.173273127118033,0.03988875010175421,1,1,3113.5344999999998,0.9964285714285714,138604.03739616033,48.343202465931206
1000032,day31,3,292,196,0.19391205358440786,0.014319472335801366,0.20646319569120286,0.032615586354583434,0.035839948124581744,0.03734439834024896,0.1580721054598261,0.02009994441798007,0.1691187973509539,0.04007497965799154,1,1,2890.9250684931512,0.9965753424657534,133436.5867925649,49.21357002912758
1000033,day31,3,290,192,0.1947587196038985,0.014048487278136628,0.18771626297577854,0.03014361709629426,0.03836159033639142,0.04526748971193416,0.1563971292675071,0.01959161975426207,0.14244877326384436,0.039522635819586975,1,1,2992.9619655172414,0.9862068965517241,135746.2912299823,40.74034915345949
1000034,day31,3,275,189,0.20901095206420278,0.015991028266787038,0.22574626865671643,0.033880392235163814,0.032772289265111325,0.023605150214592276,0.17623866279909145,0.021153532071078236,0.20214111844212415,0.038421646379205025,1,1,2906.3084363636367,0.9890909090909091,140856.07593927256,54.98238421625777
1000035,day31,3,297,187,0.18270797918746298,0.013713133597341338,0.24,0.032312956836030644,0.026559958646210264,0.04563492063492063,0.1561480205412527,0.018579030631719538,0.19436507936507935,0.04117669695530025,1,1,3052.2758585858583,1.0437710437710437,141552.2295388182,60.2531746031746
1000036,day31,3,305,194,0.181757803846823,0.01371420883473931,0.20015948963317384,0.03019116687446265,0.036047919049852634,0.04526748971193416,0.14570988479697036,0.01850275314410841,0.1548919999212397,0.039558913631713225,1,1,2942.8612786885246,0.980327868852459,130785.2132568068,46.31270797645067
1000037,day31,3,268,197,0.16900758203536523,0.013719859822590436,0.20588235294117646,0.03420061834703508,0.03493400743530043,0.06485355648535565,0.1340735746000648,0.018818037635975886,0.1410287964558208,0.04543330375063237,1,1,3285.3349626865675,0.9589552238805971,118047.7293911969,36.24440068914595
1000038,day31,3,315,223,0.19835532474910142,0.014140502812228615,0.2356687898089172,0.031564582485394024,0.03826321759424336,0.040492957746478875,0.16009210715485805,0.019278082812742927,0.19517583206243833,0.03888173763452185,1,1,2956.0625079365077,1.0380952380952382,149071.31686976439,63.822497084417336
1000039,day31,3,286,201,0.17942597598548998,0.014054726398358905,0.20388349514563106,0.0336647053809722,0.04473444468196885,0.03896103896103896,0.13469153130352113,0.019614989064222037,0.16492245618459211,0.04150369392298031,1,1,2997.806118881119,0.965034965034965,115480.82165710474,45.51859790694742
1000000,day61,4,758,491,0.2325769541531483,0.009467015705139992,0.2203023758099352,0.02089387482408784,0.03443812622219874,0.04732142857142857,0.19813882793094956,0.01258832405567588,0.17298094723850663,0.027037578248502586,1,1,3082.0398284960415,0.9630606860158312,462889.19351507054,126.27609148410984
1000001,day61,4,825,525,0.24486528882210568,0.009050033289730183,0.22488658457550226,0.019846965294799464,0.039681260834031146,0.034210526315789476,0.20518402798807453,0.01267140750597992,0.1906760582597128,0.024539083168445563,1,1,2976.8019030303035,0.9769696969696969,503903.5691137167,153.68490295732852
1000002,day61,4,732,464,0.230114275972998,0.009286073521033614,0.20594713656387664,0.020306971688458547,0.042113380557291476,0.032846715328467155,0.18800089541570653,0.012699217568822781,0.17310042123540947,0.024695100909278497,1,1,2994.594112021858,0.994535519125683,412106.0261096331,126.0171066593781
1000003,day61,4,777,491,0.24997497191992038,0.0088739943375271,0.21626297577854672,0.020224562144686334,0.03442535890618783,0.05603448275862069,0.21554961301373254,0.011812235206669078,0.16022849301992603,0.027411734349272833,1,1,3006.590913770914,1.0077220077220077,503550.00768019975,125.45891003460208
1000004,day61,4,793,521,0.227887413720764,0.008975640435040245,0.21812749003984064,0.02000409186295891,0.044556297260217634,0.04029605263157895,0.18333111646054634,0.01261124471320702,0.17783143740826168,0.025137669315548464,1,1,2978.8031525851197,0.978562421185372,433063.09498994274,137.99719542881107
1000005,day61,4,714,475,0.23898844020687982,0.009385343136673373,0.2222222222222222,0.021593868880993718,0.0379449088598552,0.06113138686131387,0.20104353134702463,0.012646766268486102,0.16109083536090835,0.02932176328031633,1,1,3047.0947058823526,0.969187675070028,437395.4575338598,111.47485806974858
1000006,day61,4,785,507,0.22349691770556646,0.009032063454176904,0.21428571428571427,0.020272854593267508,0.025623960669116944,0.055105348460291734,0.19787295703644953,0.010813445242400124,0.15918036582542255,0.026748704067191636,1,1,3058.2970063694274,0.9745222929936306,475046.10363464133,121.77297985644826
1000007,day61,4,759,459,0.22670198659395094,0.00943360792552047,0.22128259337561662,0.020657715701012835,0.03985455724957462,0.051233396584440226,0.18684742934437631,0.01288978095893673,0.1700491967911764,0.02733319693369837,1,1,2948.6482213438735,0.9894598155467721,418169.03121101845,127.70694679017346
1000008,day61,4,837,523,0.22131473439996444,0.008706870249978604,0.2292713567839196,0.01960111252675434,0.03187572220253302,0.06,0.18943901219743142,0.01144989363109975,0.1692713567839196,0.027016355763325284,1,1,2923.186714456392,0.967741935483871,463501.8102594643,137.10979899497488
1000009,day61,4,810,515,0.2130501391690373,0.008598184286687554,0.2083058668424522,0.01941582008009737,0.037161094518792764,0.04658901830282862,0.17588904465024455,0.011606501004703014,0.1617168485396236,0.025193995566399136,1,1,3009.226209876543,0.9962962962962963,428724.8377852458,130.50549677147623
1000010,day61,4,309,209,0.21709961129048996,0.014774138304426787,0.21828665568369027,0.031219727550151167,0.028291906413416848,0.052083333333333336,0.1888077048770731,0.019051684644828915,0.16620332235035692,0.041042913293702146,1,1,2964.2146925566344,1.0550161812297734,172936.97101513576,54.18228308621635
1000011,day61,4,263,158,0.2081838930383746,0.015441210862829784,0.23101952277657267,0.03689613230509189,0.024826374096150912,0.04081632653061224,0.18335751894222369,0.019544177958897194,0.19020319624596044,0.045632775722067205,1,1,3073.490836501901,1.0038022813688212,148213.0330737065,50.213643808933554
1000012,day61,4,307,198,0.22099288214839416,0.01428005431338057,0.2037037037037037,0.031846007687546814,0.04654984073211544,0.06167400881057269,0.17444304141627873,0.019674549941669985,0.142029694893131,0.04427663353797355,1,1,3020.9505211726387,0.9315960912052117,161784.02564260436,40.62049273943546
1000013,day61,4,281,174,0.21282592096266792,0.015503796231509426,0.21490280777537796,0.03567525902192158,0.03830931610198195,0.049132947976878616,0.174516604860686,0.020222454407070163,0.16576985979849934,0.047790265672958944,1,1,3015.936263345196,0.9217081850533808,147898.9989606189,42.93439368781133
1000014,day61,4,269,162,0.197010090062507,0.015791260043518184,0.23667377398720682,0.0366460432576129,0.026194165362732127,0.029411764705882353,0.17081592469977486,0.01816438003410821,0.20726200928132446,0.04285757489626088,1,1,3026.097769516729,0.966542750929368,139047.63026888814,53.88812241314436
1000015,day61,4,265,183,0.20462147094114258,0.014631380271030078,0.23142857142857143,0.034881744242869175,0.04051699274423425,0.03571428571428571,0.16410447819690832,0.019644415719861565,0.19571428571428573,0.04254420787869759,1,1,3011.103773584906,0.9509433962264151,130945.93759363652,49.32000000000001
1000016,day61,4,290,181,0.20337280723006942,0.015072172696023595,0.22132616487455198,0.03305805842545581,0.035963154720473,0.04497354497354497,0.16740965250959644,0.02032692446072382,0.176352619901007,0.04408477179041152,1,1,2876.8441379310348,0.9413793103448276,139667.32846203816,48.14426523297491
1000017,day61,4,257,154,0.2112604687483257,0.015391992304771248,0.18404907975460122,0.033070471248986544,0.03491189351054437,0.02972972972972973,0.17634857523778136,0.019884253652518023,0.1543193500248715,0.04083740763081184,1,1,3109.6691050583654,0.9844357976653697,140935.12904746327,39.04279555629249
1000018,day61,4,269,162,0.2160704201470292,0.014559234497076908,0.2154255319148936,0.031987873781955334,0.036931287654903076,0.03535353535353535,0.17913913249212612,0.019320876863497788,0.18007199656135825,0.04048480086258146,1,1,2862.7209293680294,1.037174721189591,137950.01749673727,50.24008704061895
1000019,day61,4,270,181,0.2085099051611972,0.014725147510017163,0.22616632860040567,0.03537958993497105,0.045379227168531676,0.06744186046511629,0.1631306779926655,0.02142699007016981,0.1587244681352894,0.04814685780872821,1,1,3023.906,0.9962962962962963,133188.79571084408,42.69688192839285
1000020,day61,4,283,177,0.2047006582827984,0.014709725791795133,0.22211350293542073,0.03509199622022498,0.02679595670421279,0.051470588235294115,0.17790470157858562,0.019376305191002335,0.1706429147001266,0.04567030152269034,1,1,3080.948586572438,0.9787985865724381,155116.61260109715,47.26808737193507
1000021,day61,4,287,181,0.2056236453249335,0.014788323188212604,0.25366300366300365,0.03513424183217957,0.026965913744974066,0.011363636363636364,0.17865773157995943,0.01741872844277156,0.2422993672993673,0.03703626393279054,1,1,3078.6788850174216,1.0209059233449478,157858.54854191508,70.99371461871462
1000022,day61,4,285,164,0.20569469252087905,0.014245862610739079,0.21931407942238268,0.03247470714429514,0.02356077676827979,0.04521276595744681,0.18213391575259927,0.018133278628546717,0.17410131346493588,0.04375058805239869,1,1,3125.9653684210525,0.9859649122807017,162263.12922139972,48.92246908364698
1000023,day61,4,283,183,0.20377636551886588,0.015068232226242574,0.22476190476190477,0.034244733131438276,0.022755566542892496,0.04773869346733668,0.1810207989759734,0.018178048428220146,0.1770232112945681,0.04505926734538937,1,1,3072.7678798586576,0.9964664310954063,157414.47576036133,49.920545585068204
1000024,day61,4,266,169,0.22245732503947818,0.015680213578811827,0.21826923076923077,0.03405545987067605,0.03696515730638674,0.038860103626943004,0.18549216773309143,0.019768219316439104,0.17940912714228777,0.04337243348264043,1,1,2993.250939849624,0.9661654135338346,147689.74503688412,46.108145675567954
1000025,day61,4,281,195,0.19179058912126204,0.01415047377457019,0.23640167364016737,0.03631839767430519,0.022080156324222236,0.06331877729257641,0.1697104327970398,0.01787411885668293,0.17308289634759094,0.04757264451506668,1,1,3078.7990391459075,0.9822064056939501,146823.713197426,47.7708793919351
1000026,day61,4,279,180,0.23047368601921092,0.016356776484714966,0.22008113590263692,0.03397253942479082,0.04919814390433374,0.038461538461538464,0.18127554211487718,0.022825964999507835,0.18161959744109846,0.04219191328446646,1,1,2936.533225806452,0.985663082437276,148517.74103254938,49.945389296302075
1000027,day61,4,283,165,0.22916983177507935,0.015626911606047615,0.21541501976284586,0.03380635744554314,0.03450325677691563,0.037037037037037035,0.19466657499816373,0.020762760649257292,0.17837798272580882,0.043262639284910656,1,1,2792.89519434629,1.0035335689045937,153862.3857328591,50.65934709412971
1000028,day61,4,255,164,0.2147621049376394,0.015459067801606448,0.23588709677419356,0.03568848095799048,0.031832920130999975,0.06735751295336788,0.18292918480663942,0.020881291584818776,0.16852958382082567,0.049787204025417794,1,1,2948.980196078431,0.9882352941176471,137560.90853628554,42.46945512284807
1000029,day61,4,273,185,0.18998410934604446,0.013898810377069673,0.24036511156186613,0.03598639864709663,0.03563487913032668,0.04702970297029703,0.15434923021571778,0.018831035237365328,0.1933354085915691,0.04612966939244372,1,1,3121.723223443223,0.9340659340659341,131541.11238040245,49.30052919085012
1000030,day61,4,272,172,0.203225141153351,0.0147438340886132,0.23373983739837398,0.03613741051648926,0.028847454010665827,0.015957446808510637,0.17437768714268517,0.018424613218282555,0.21778239058986334,0.04035467942177277,1,1,3141.6573897058825,0.9852941176470589,149011.10623996536,58.36568067808338
1000031,day61,4,274,177,0.21279046683683403,0.015531966202468404,0.21023765996343693,0.03263928962199171,0.030005307730005572,0.03170731707317073,0.18278515910682847,0.01934372357116009,0.1785303428902662,0.03968107945924755,1,1,3057.119306569343,1.0255474452554745,153110.11464759463,50.167026352164804
1000032,day61,4,287,170,0.21048590532626005,0.015836014193712195,0.1967680608365019,0.032704157140913175,0.03216350100448705,0.05198019801980198,0.178322404321773,0.020567653641098905,0.14478786281669992,0.04458402752211487,1,1,2918.908606271777,0.9965156794425087,149385.45179111292,41.40932876557618
1000033,day61,4,283,184,0.21506132662200697,0.015697172488461482,0.22718253968253968,0.035086120514877785,0.030592095384395047,0.05,0.1844692312376119,0.020837317402692387,0.17718253968253966,0.04600308050704163,1,1,3051.508445229682,0.9681978798586572,159303.36501286775,48.54801587301587
1000034,day61,4,287,165,0.2353909368188888,0.01580808009275658,0.25,0.034808345162196164,0.03356424998212524,0.03439153439153439,0.20182668683676358,0.021050412856030994,0.2156084656084656,0.04316457905225654,1,1,2916.407212543554,0.9825783972125436,168930.72708508334,60.801587301587304
1000035,day61,4,277,183,0.20864982049838926,0.014631670455423436,0.2444649446494465,0.03497312849576756,0.03145561536431671,0.03211009174311927,0.17719420513407255,0.019193342488977024,0.21235485290632722,0.04162589506802686,1,1,3038.581371841155,0.9963898916967509,149142.06602445032,58.60993940214631
1000036,day61,4,289,184,0.22298882894740946,0.015811463192377726,0.24772313296903462,0.03470225489651741,0.03460873010653791,0.06798245614035088,0.18838009884087153,0.02032543334530642,0.17974067682868372,0.04712594999974314,1,1,2892.9868512110725,0.986159169550173,157499.55205420376,51.22609289617486
1000037,day61,4,258,167,0.19682813274329605,0.015081920820513588,0.240041928721174,0.03662137808653451,0.03670631917545652,0.062162162162162166,0.16012181356783953,0.020783401712835627,0.17787976655901183,0.050299830005865125,1,1,3189.729418604651,0.9767441860465116,131772.2768987981,44.82570117287098
1000038,day61,4,307,198,0.2258907891123021,0.01559242937266986,0.20614035087719298,0.03136000543360327,0.031430464553539206,0.04807692307692308,0.1944603245587629,0.01931049642777946,0.1580634278002699,0.040242741546874614,1,1,2943.411368078176,1.01628664495114,175719.65609355536,49.31578947368421
1000039,day61,4,280,174,0.20775836876220888,0.014952691739211354,0.21673387096774194,0.03413093760676953,0.04192276468940174,0.03225806451612903,0.16583560407280715,0.02086075137496891,0.1844758064516129,0.04258127014331889,1,1,2920.4543214285713,0.9678571428571429,135608.28583712122,49.992943548387096
1000000,day90,5,834,578,0.24771977300520315,0.0076706786005015255,0.23039215686274508,0.017038128036578552,0.028246980509149484,0.04116059379217274,0.21947279249605367,0.009996423946601845,0.18923156307057235,0.022055031445225866,1,1,3067.794376498801,0.960431654676259,561530.0304439773,151.57448201952846
1000001,day90,5,878,600,0.25804227011638586,0.007452450852786648,0.22910216718266255,0.01636721414570755,0.03497242197232887,0.03028263795423957,0.223069848144057,0.010114480866937888,0.19881952922842297,0.02027835570371506,1,1,2974.3389863325738,0.9760820045558086,582540.1337969167,170.38833654875847
1000002,day90,5,799,522,0.24746258179729866,0.007669860524045367,0.20933014354066987,0.016573259960607708,0.0402083248496109,0.043964232488822655,0.20725425694768776,0.011155155109496153,0.16536591105184723,0.022376678365655208,1,1,3046.8660450563207,1.0225281602002503,504549.290591643,135.10394932935918
1000003,day90,5,850,550,0.2674003880573665,0.007238597220939327,0.20880617339990923,0.01615229983810979,0.037796791644293795,0.046875,0.2296035964130727,0.010360080938683021,0.16193117339990923,0.02203715930494548,1,1,2989.6017882352935,0.9988235294117647,583459.8240585102,137.47956621652293
1000004,day90,5,862,574,0.23795041933419012,0.007321338777731453,0.23145197997269004,0.01690855028109659,0.03294096314694159,0.04502688172043011,0.20500945618724853,0.009948575094376777,0.18642509825225995,0.02227243893373315,1,1,3028.422354988399,0.974477958236659,535177.1997274741,156.59708253189837
1000005,day90,5,800,517,0.25137004016498954,0.007496826839035653,0.22254616132167152,0.017175415935737254,0.0342247904084783,0.058958652373660034,0.21714524975651123,0.010476770797109795,0.1635875089480115,0.02461928256776184,1,1,3046.6903250000005,0.98,529259.4652422972,128.252607015241
1000006,day90,5,868,582,0.237203819614756,0.007274854682990472,0.22009782125389063,0.016367204997174888,0.0347997780006993,0.03618421052631579,0.2024040416140567,0.010188519999533666,0.18391361072757484,0.020882444813631648,1,1,3104.145656682028,0.9700460829493087,545357.1319505691,154.855260232618
1000007,day90,5,833,548,0.24498650647825657,0.007369858111710429,0.22237136465324384,0.016584503242300867,0.03219949744861225,0.03571428571428571,0.21278700902964431,0.01030891820731004,0.1866570789389581,0.021180502874440985,1,1,2999.0151620648257,0.9987995198079231,531580.1714864834,155.29868967721313
1000008,day90,5,904,600,0.23598979833139738,0.0070516040588055285,0.22676659528907922,0.016262239659330324,0.037524502792868994,0.033921302578018994,0.19846529553852837,0.010313454397450343,0.1928452927110602,0.020526680591605354,1,1,2997.1630862831853,0.9834070796460177,537728.9033575096,171.43946522013252
1000009,day90,5,873,561,0.2236664073776635,0.007341748652511146,0.22586282219309742,0.016334057574081854,0.03251715281413525,0.05006765899864682,0.19114925456352824,0.010025498464654609,0.1757951631944506,0.022367120945716683,1,1,3005.961122565865,1.002290950744559,501614.64989158435,153.82076779514426
1000010,day90,5,334,221,0.22302245430619833,0.012536071159589407,0.2026255707762557,0.02505807645110893,0.04017947300857656,0.041811846689895474,0.18284298129762178,0.018609442591045668,0.16081372408636024,0.0334551406099167,1,1,3096.633383233533,1.0688622754491017,189110.02504523747,57.41049949883061
1000011,day90,5,286,198,0.2320662840165614,0.012476949658585723,0.22945638432364096,0.028335570966594135,0.04224315356673504,0.03515625,0.18982313044982635,0.01814791950514979,0.19430013432364096,0.03583982460794329,1,1,3078.69006993007,0.9790209790209791,167140.2838130513,54.40403761061947
1000012,day90,5,320,208,0.2360202725364606,0.012306418663479686,0.1867396593673966,0.02542786862740683,0.03953051141011585,0.03386454183266932,0.19648976112634475,0.01764188371955547,0.15287511753472727,0.033217687496916816,1,1,2933.714,0.9625,184462.32418336428,47.085536200696
1000013,day90,5,304,199,0.22070406006228557,0.012457308780761194,0.23251028806584362,0.029205999569133105,0.029409933190659213,0.03424657534246575,0.19129412687162636,0.016943273432623644,0.19826371272337787,0.0376257908278246,1,1,3050.6913486842104,0.9572368421052632,177408.11872201657,57.69474040250296
1000014,day90,5,294,194,0.2166400277666078,0.012293834715226652,0.2219215155615697,0.02822580432609114,0.03424219399265285,0.034482758620689655,0.18239783377395494,0.017049269483841265,0.18743875694088002,0.036256573830331935,1,1,3079.446394557823,0.9693877551020408,165135.19936756662,53.420045728150804
1000015,day90,5,288,180,0.22616333762073415,0.012805965186797398,0.2242302543507363,0.028544297211737055,0.016493917872702775,0.027777777777777776,0.20966941974803138,0.016575226879745934,0.1964524765729585,0.03474475361261558,1,1,3071.6023263888887,0.9722222222222222,185478.07031155055,55.00669344042838
1000016,day90,5,317,214,0.2090048273556641,0.011519486137806734,0.20358910891089108,0.026562489562379898,0.04002055630124572,0.047872340425531915,0.16898427105441838,0.017097236659047176,0.15571676848535915,0.03594921967544991,1,1,2980.1469716088327,0.9495268138801262,159640.55447145528,46.8707473140931
1000017,day90,5,283,199,0.21165202624785284,0.012270490250057492,0.19316688567674112,0.026796542920688754,0.03411090567860515,0.02631578947368421,0.1775411205692477,0.016603730031713105,0.1668510962030569,0.03217151808313052,1,1,3120.8653356890463,0.9823321554770318,156805.18586283916,46.384604744449824
1000018,day90,5,289,203,0.2462846330787578,0.013622978859016208,0.231875,0.027977260889467833,0.03334265428134054,0.04291044776119403,0.21294197879741728,0.01805146084955492,0.18896455223880598,0.03651527870527174,1,1,2888.335363321799,1.0380622837370241,177748.827984231,56.689365671641795
1000019,day90,5,307,193,0.22266500019841046,0.012278678660447054,0.2383116883116883,0.028931818355940265,0.034926178493559015,0.05970149253731343,0.18773882170485146,0.01740515796614925,0.17861019577437487,0.04265878255626514,1,1,3050.144364820847,0.9609120521172638,175797.56628791563,52.69000775344059
1000020,day90,5,316,204,0.21169987929982798,0.011873105208395792,0.212636695018226,0.02629804871228732,0.03807949599832803,0.0341726618705036,0.17362038330149995,0.016584315815371328,0.17846403314772238,0.03371716151347862,1,1,3100.761487341772,1.0,170120.3057549832,56.394634474680274
1000021,day90,5,302,203,0.20944683649926324,0.012098857616206696,0.2228395061728395,0.027342685777411953,0.03434896967935674,0.03076923076923077,0.1750978668199065,0.016617153217805096,0.19207027540360874,0.03407988488536768,1,1,3164.375231788079,1.0165562913907285,167330.75657695963,58.96557454890788
1000022,day90,5,304,205,0.2011894480715225,0.01182515862731426,0.19959677419354838,0.027536404574954768,0.03060535562171072,0.05660377358490566,0.1705840924498118,0.015592863606462351,0.14299300060864273,0.03883098876992669,1,1,3125.198355263158,0.9671052631578947,162065.17404809594,42.03994217894096
1000023,day90,5,304,204,0.2151567064545819,0.012178059508774625,0.20471014492753623,0.025952080490860813,0.03919726360650821,0.040892193308550186,0.1759594428480737,0.01792114261098569,0.16381795161898605,0.03477153174645643,1,1,3066.613256578947,0.9868421052631579,164038.2662576771,49.14538548569581
1000024,day90,5,289,178,0.2240746484962419,0.013137322447429585,0.21688500727802038,0.02948937464204808,0.03313163068011919,0.044897959183673466,0.19094301781612272,0.017046102421851093,0.1719870480943469,0.038477375984865544,1,1,2931.143321799308,0.9688581314878892,161747.91058810503,48.15637346641713
1000025,day90,5,318,211,0.21312697644052214,0.011520311398213644,0.22698612862547288,0.027887029421441497,0.031411360972835804,0.02280701754385965,0.18171561546768633,0.014824853649386821,0.20417911108161324,0.032669401824193214,1,1,3118.922327044025,0.9748427672955975,180228.6911009989,63.2955244353001
1000026,day90,5,314,212,0.2307767165155719,0.012939109090654405,0.21079691516709512,0.026789159802865756,0.04369939754863606,0.05343511450381679,0.18707731896693586,0.01780358706189708,0.15736180066327832,0.03673928030243951,1,1,2912.3504458598727,0.9968152866242038,171078.09997733834,49.254243607606114
1000027,day90,5,307,209,0.2257393829435553,0.012238520058603673,0.21823899371069183,0.02684179626357291,0.036179863640828404,0.037037037037037035,0.1895595193027269,0.018114050269342492,0.1812019566736548,0.035411624409524854,1,1,2897.161889250814,1.003257328990228,168599.67682604928,55.810202655485675
1000028,day90,5,276,195,0.2205012391983754,0.013272291486331925,0.23076923076923078,0.02893909453965062,0.04519042062371812,0.04,0.17531081857465727,0.02084180592443994,0.19076923076923077,0.03698916410312524,1,1,2976.0940217391303,1.0036231884057971,144000.6482333197,52.84307692307692
1000029,day90,5,300,204,0.22342809519726642,0.012230084801571034,0.21940104166666666,0.027890948102888283,0.03231186260942964,0.0471311475409836,0.19111623258783678,0.01692155371574995,0.17226989412568305,0.03793801594445521,1,1,2958.2927,0.9566666666666667,169613.3267148299,49.441459614071036
1000030,day90,5,293,201,0.21983517684321943,0.011949418451194889,0.23607594936708862,0.028384293746512416,0.03452142056303481,0.04595588235294118,0.18531375628018462,0.016772014021828846,0.19012006701414744,0.03760525490418452,1,1,3139.0244027303756,1.0034129692832765,170439.39011566277,55.89529970215935
1000031,day90,5,293,191,0.21528762390129827,0.012611970842025247,0.1931216931216931,0.0266853693986636,0.023445375604092086,0.053784860557768925,0.1918422482972062,0.01731067589911123,0.13933683256392418,0.037242452548493,1,1,3064.123890784983,1.0136518771331058,172233.72596692666,41.38303927148548
1000032,day90,5,314,200,0.24282793715486814,0.013301887989848864,0.2351421188630491,0.028409960174070468,0.029051728323628425,0.04395604395604396,0.2137762088312397,0.016483207736000358,0.19118607490700512,0.03707808649579756,1,1,2944.1201910828026,0.9904458598726115,197626.21577706057,59.45886929607859
1000033,day90,5,305,202,0.24148059233988728,0.012348251707966176,0.21282973621103118,0.026393002679002454,0.034971263485601076,0.03832116788321168,0.2065093288542862,0.01717893204758292,0.1745085683278195,0.033545476647312854,1,1,3049.4951475409835,0.9836065573770492,192073.5048602427,52.35257049834585
1000034,day90,5,310,207,0.24444606359672336,0.012836699902119218,0.2330779054916986,0.028362096014485968,0.04075759232930998,0.042105263157894736,0.20368847126741338,0.017718888470187277,0.19097264233380387,0.03609034531849281,1,1,2870.978548387097,0.9870967741935484,181283.42178437667,58.437628554143984
1000035,day90,5,298,207,0.22639004826836923,0.012414992937805926,0.23179611650485438,0.027626112350988618,0.037355697385009115,0.031578947368421054,0.18903435088336012,0.01710651510368014,0.20021716913643334,0.03395795185711337,1,1,3096.461275167785,1.016778523489933,174430.58906166753,60.665802248339304
1000036,day90,5,319,222,0.22157745362783224,0.012123336392452574,0.22442839951865223,0.0270523159680447,0.04255692173461594,0.0472972972972973,0.1790205318932163,0.017890018591176848,0.17713110222135492,0.03600863916086022,1,1,2967.2588714733542,0.9937304075235109,169452.88339809183,56.150559404169506
1000037,day90,5,292,196,0.2002829515663962,0.011729413485592335,0.2157258064516129,0.028100501540751676,0.03193150876018839,0.037109375,0.1683514428062078,0.016505994904861182,0.1786164314516129,0.03583032650428936,1,1,3268.809897260274,0.976027397260274,160690.1878391899,50.90568296370968
1000038,day90,5,329,223,0.23973319984523425,0.012738649846777033,0.22511848341232227,0.026770192768116832,0.033550937967781205,0.04430379746835443,0.20618226187745303,0.01617869614344486,0.18081468594396782,0.03483845748318597,1,1,2950.17094224924,1.0395136778115501,200121.78995557,61.838622592837
1000039,day90,5,309,200,0.22916218417070008,0.012308444961861047,0.22840314136125656,0.02851632342765653,0.028244162994023117,0.050724637681159424,0.20091802117667695,0.01683745403261138,0.17767850368009713,0.038216828601340555,1,1,2952.594142394822,0.9902912621359223,183307.8760801949,54.369622126109725
1000000,day120,6,687,476,0.19563708243697064,0.010007796346029264,0.2110445205479452,0.02206378403332192,0.039704214495158506,0.038461538461538464,0.15593286794181213,0.01346394037410514,0.17258298208640674,0.02671530141150784,1,1,3062.21903930131,0.9767103347889374,328042.9101831562,115.80318097997892
1000001,day120,6,741,496,0.20727012985460608,0.009785159951483463,0.2012830793905373,0.0211239871477401,0.031129751679169777,0.04774305555555555,0.1761403781754363,0.012750510721573243,0.15354002383498175,0.027012389520438697,1,1,2991.919581646424,0.9919028340080972,390505.40431703546,112.85191751871159
1000002,day120,6,674,447,0.19291306482752202,0.009723955481828087,0.22410791993037424,0.02299396800515393,0.03453153083375777,0.05027932960893855,0.15838153399376426,0.013013027486827786,0.1738285903214357,0.029170946047196323,1,1,2969.81265578635,1.0178041543026706,317024.98828174,119.24641296050488
1000003,day120,6,736,498,0.21128911460528668,0.009184188886353785,0.22800645682001613,0.022203158630918398,0.036820327374476235,0.04023972602739726,0.17446878723081044,0.01235011026352723,0.18776673079261888,0.02708063561271349,1,1,2966.50777173913,1.0,380926.3777491295,138.1963138633675
1000004,day120,6,742,522,0.17735312773465797,0.008756954684014849,0.21173469387755103,0.022418489076703397,0.03170724524368946,0.05537720706260032,0.14564588249096852,0.011227145518470595,0.1563574868149507,0.028518019634028474,1,1,3049.797345013477,0.9824797843665768,329589.2958939607,113.98460788809906
1000005,day120,6,684,475,0.1914141626021956,0.00925128440312584,0.22480280455740578,0.022966089784806718,0.03402663352021991,0.04585537918871252,0.15738752908197567,0.011996974429019477,0.17894742536869326,0.02829243361968062,1,1,3028.726915204679,0.9883040935672515,326051.750286527,120.96845954923664
1000006,day120,6,730,471,0.18608430447086557,0.009153701386482567,0.2099236641221374,0.022331455595284305,0.03188892442922249,0.04684684684684685,0.15419538004164307,0.011967145036108006,0.16307681727529055,0.028099542322566905,1,1,3110.090410958904,0.963013698630137,350079.94820362504,114.64300254452925
1000007,day120,6,720,466,0.1905898123852912,0.008913302810596612,0.22452229299363058,0.0221705200230854,0.030279321526738148,0.03909090909090909,0.16031049085855306,0.011932595360918709,0.18543138390272149,0.02740794008822437,1,1,2974.7161805555556,0.9861111111111112,343352.3119702137,131.65628257093226
1000008,day120,6,754,525,0.18028434576206517,0.008893002058589467,0.2291828793774319,0.021780949960969985,0.03423013330870019,0.04589371980676329,0.14605421245336497,0.01157780444465223,0.1832891595706686,0.026986325891570247,1,1,2966.1883687002655,0.9973474801061007,326651.1268588519,137.8334479971428
1000009,day120,6,756,473,0.17197557519691037,0.009090785680834384,0.21287519747235387,0.021426063280718614,0.03449547423499222,0.03853211009174312,0.13748010096191815,0.011717613061118272,0.17434308738061075,0.026481315395605533,1,1,3019.5992592592593,1.0052910052910053,313841.91713678715,132.50074640926417
1000010,day120,6,285,187,0.1708747071380988,0.014906862549911828,0.20974155069582506,0.03346761864104518,0.03670267497911758,0.05069124423963134,0.1341720321589812,0.019514227736465092,0.15905030645619372,0.043988113422477125,1,1,3092.6070175438595,1.0771929824561404,118258.28994070092,48.828444082051476
1000011,day120,6,233,162,0.15905761215341851,0.015414364978564759,0.2198492462311558,0.038985680190952963,0.026776926856524056,0.05128205128205128,0.13228068529689446,0.0192528706567385,0.1685671949491045,0.049320610961946336,1,1,3099.2889270386268,1.0,95524.42272600689,39.276156423141344
1000012,day120,6,285,192,0.16637073690047308,0.0140901955354861,0.21195652173913043,0.03558166398833843,0.035675765877201476,0.06858407079646017,0.1306949710232716,0.01773224332353348,0.14337245094267026,0.0483512757705926,1,1,2953.8254736842105,0.9614035087719298,110024.28838692344,39.28405155829165
1000013,day120,6,257,168,0.1736857555654419,0.015706200653349777,0.2236842105263158,0.03852317135723765,0.026322191192485835,0.04885057471264368,0.14736356437295609,0.02034720891333653,0.17483363581367212,0.04919444981624218,1,1,3058.4782490272373,0.9377431906614786,115832.0218777895,42.13490623109498
1000014,day120,6,255,169,0.16983117436300843,0.015184732217542072,0.19651162790697674,0.03582954612589498,0.034037566708166274,0.06443298969072164,0.13579360765484216,0.01961586999691047,0.1320786382162551,0.04905798523731018,1,1,3041.1935686274514,0.9803921568627451,105308.53479645948,33.01965955406377
1000015,day120,6,252,155,0.16957405122993183,0.015469457253966711,0.2311111111111111,0.0376271323347868,0.03346081728487667,0.06887755102040816,0.13611323394505515,0.021869400730018706,0.16223356009070294,0.05102820799142844,1,1,3076.151547619048,1.0,105513.64368338176,40.88285714285714
1000016,day120,6,278,176,0.16913023451961107,0.015237511843587152,0.21577726218097448,0.03793720061055122,0.0348751027600927,0.05741626794258373,0.13425513175951836,0.02075689089744062,0.15836099423839076,0.04848102502467356,1,1,2934.1974820143882,0.9568345323741008,109512.83733664826,42.12402446741194
1000017,day120,6,233,161,0.16287661806445844,0.016242477827082887,0.20173267326732675,0.03756603539981519,0.030585758807461647,0.023809523809523808,0.1322908592569968,0.019910523264819558,0.17792314945780294,0.043117499431077067,1,1,3242.4362660944207,1.0257510729613735,99944.11037654926,42.52363272041491
1000018,day120,6,240,172,0.1752933954410719,0.016641250755689736,0.17990654205607476,0.03481042649001225,0.04201126922764183,0.0575,0.13328212621343005,0.02301363885776731,0.12240654205607476,0.04726330089521915,1,1,2955.2944583333333,1.0208333333333333,94533.1029584241,29.989602803738315
1000019,day120,6,267,169,0.1756483385304002,0.01588564192761753,0.22533632286995517,0.03657289050421461,0.03490052571184851,0.035326086956521736,0.1407478128185517,0.020815930053913453,0.19001023591343344,0.04435527268551216,1,1,3057.1403370786516,0.9925093632958801,114886.31285149176,50.352712517059864
1000020,day120,6,248,181,0.15738384239314027,0.013886563832030055,0.22727272727272727,0.03716102816633066,0.029621308097002558,0.04245283018867924,0.1277625342961377,0.017359888360513026,0.18481989708404803,0.04511288142475914,1,1,3134.6159677419355,0.9959677419354839,99320.64706079478,45.650514579759864
1000021,day120,6,258,171,0.14933181827285275,0.013682139810129128,0.262208067940552,0.038149867068521165,0.030315342540582664,0.04009433962264151,0.11901647573227009,0.018843272165194457,0.2221137283179105,0.046202349421059365,1,1,3106.909341085271,1.062015503875969,95401.53725047472,60.859161559107484
1000022,day120,6,247,173,0.13676919352302236,0.013732033786934316,0.1941747572815534,0.03610705853575975,0.030556727228567466,0.05223880597014925,0.1062124662944549,0.01854228404560284,0.14193595131140413,0.04723151003375336,1,1,3109.021862348178,0.9635627530364372,81563.56930155467,33.78075641211418
1000023,day120,6,262,173,0.1752877362518678,0.015561518016795324,0.20689655172413793,0.03577012542737516,0.04297831286271881,0.03431372549019608,0.132309423389149,0.021502490249747878,0.17258282623394183,0.04366437525283185,1,1,3016.4053816793894,1.0038167938931297,104563.90047057658,45.3892832995267
1000024,day120,6,247,161,0.1723273523976678,0.015889645162882698,0.25788288288288286,0.03921136071513718,0.038430861160778956,0.03591160220994475,0.13389649123688885,0.02238636057831337,0.22197128067293811,0.04677612350541559,1,1,3047.742793522267,0.97165991902834,100796.2703625509,53.27310736150515
1000025,day120,6,269,178,0.15390980502289864,0.01304102749841235,0.2062780269058296,0.035883323583777584,0.026902663963636393,0.03140096618357488,0.12700714105926225,0.01670794539382775,0.17487706072225473,0.04280519776546786,1,1,3090.6811895910782,0.9814126394052045,105592.87850839707,46.167544030675245
1000026,day120,6,255,185,0.15810013351787375,0.014488748130232735,0.20748299319727892,0.03580813067198876,0.03610472900292124,0.04357798165137615,0.1219954045149525,0.020281617912099897,0.16390501154590276,0.04426249355489335,1,1,3037.399568627451,1.0196078431372548,94489.94120730327,42.61530300193472
1000027,day120,6,263,156,0.17133507794495387,0.014846976087468978,0.23665893271461716,0.037227935831333825,0.032301670534870916,0.047337278106508875,0.13903340741008297,0.020552238661672356,0.1893216546081083,0.04847135308327734,1,1,2782.9606844106465,1.015209125475285,101761.145246822,50.548881780364916
1000028,day120,6,224,161,0.18476732039955726,0.0186000657058259,0.2323943661971831,0.04231609170505956,0.03663871963761321,0.058673469387755105,0.14812860076194406,0.02283177698598193,0.17372089680942798,0.053419100845481564,1,1,3024.9953125,0.9821428571428571,100371.78434126251,38.21859729807416
1000029,day120,6,254,172,0.16495074936422724,0.015193498177087409,0.22208121827411167,0.0401013636764022,0.039825106204956405,0.04,0.12512564315927083,0.020562336252236413,0.18208121827411167,0.04797032135097821,1,1,3100.8046062992125,0.9251968503937008,98549.50335130231,42.789086294416244
1000030,day120,6,248,170,0.15781181592146312,0.013848289322133984,0.21580188679245282,0.03760005724952245,0.03042480557596948,0.03456221198156682,0.12738701034549366,0.01783118191431665,0.181239674810886,0.04457268861447849,1,1,3132.3074596774195,0.9959677419354839,98955.7901272562,44.76619967828884
1000031,day120,6,245,138,0.17724872035767275,0.01638733289430257,0.19193154034229828,0.03596402114808336,0.0356107430013643,0.03529411764705882,0.14163797735630845,0.023289544985617167,0.15663742269523945,0.04546843149399139,1,1,3045.904367346938,1.0408163265306123,105696.85478388282,39.94254278728606
1000032,day120,6,269,168,0.18372065358872655,0.015736340211896554,0.19583333333333333,0.0338534842685895,0.051736589436958184,0.019801980198019802,0.13198406415176836,0.022264451511300687,0.17603135313531354,0.038949045858398354,1,1,3018.828698884758,0.9962825278810409,107179.62849668063,47.17640264026403
1000033,day120,6,263,166,0.16841117009690856,0.014887514325462679,0.21700223713646533,0.03605191829867789,0.03864461727903234,0.0589622641509434,0.12976655281787622,0.019437469434756008,0.15803997298552191,0.0473871155720621,1,1,3002.3804182509507,0.9771863117870723,102467.05052369597,40.61627305727913
1000034,day120,6,255,180,0.16998099636512395,0.015630704706255855,0.2036613272311213,0.03560476663445944,0.04156177982429207,0.04824561403508772,0.12841921654083188,0.020881116968868185,0.1554157131960336,0.0448070604809681,1,1,2985.580274509804,1.0235294117647058,97768.49934193926,40.56350114416477
1000035,day120,6,255,178,0.16498402868007153,0.015550125171335945,0.22668112798264642,0.03675233607169737,0.035427779046122425,0.08478260869565217,0.1295562496339491,0.019317445499428203,0.14189851928699426,0.05024723452870022,1,1,3162.7046274509803,1.0392156862745099,104485.77830928372,37.60310761105348
1000036,day120,6,268,174,0.17414453386716316,0.016076891143187024,0.21316964285714285,0.036088893010947184,0.03440111209541867,0.02358490566037736,0.13974342177174448,0.021248883192959485,0.1895847371967655,0.04097245894496715,1,1,3001.3471641791048,1.0111940298507462,112404.16406947904,51.37746378032345
1000037,day120,6,245,162,0.15820634823448207,0.013954061210844236,0.2337962962962963,0.037836702943621084,0.037913438325975934,0.05555555555555555,0.12029290990850613,0.01863794140112423,0.17824074074074076,0.04886273288751874,1,1,3288.8256326530613,0.963265306122449,96927.4893557125,42.06481481481482
1000038,day120,6,273,188,0.17390832598237016,0.01556414629134272,0.21779141104294478,0.034527851372196376,0.04125172508054929,0.045871559633027525,0.13265660090182085,0.021300023416426814,0.17191985140991725,0.04389068514275294,1,1,2895.1211355311357,1.032967032967033,104847.54162753241,48.481398097596674
1000039,day120,6,267,155,0.16997621260224263,0.014800937981574535,0.22777777777777777,0.03684547822438089,0.038525835068743366,0.043010752688172046,0.13145037753349925,0.02084706539912347,0.18476702508960574,0.0470352053522832,1,1,2989.5262921348317,0.9887640449438202,104924.15405256802,48.77849462365592
